cycle,arm,target_rate,iter_rate,dropped,failed_rate,p50,p99,running_cores,pending_cores,eff_iter_per_running_core,pods,pending,node_cpu_sec,softirq_cpu_sec,k6_cpu_sec,prod_p50,cart_p50,chk_p50,prod_p99,cart_p99,chk_p99,replicas,limit_x,dropped_win,started,replicas_at_window_start,replicas_changed_in_window,browse_rate_target,browse_rate,browse_dropped_win,browse_p50,browse_p99,rs_scale,limit_scale,reserved_core_sec,pending_core_sec,reserved_avg_cores,n_samples
1,normal,350,348.5,2941,0,1424.6,4655.3,6.3,0.0,55.3,41,0,1672.8,112.04,68.7,1399.1,1363.3,1525.0,4670.9,4556.8,4945.4,adservice:4 cartservice:4 checkoutservice:4 currencyservice:4 emailservice:4 frontend:4 paymentservice:4 productcatalogservice:4 recommendationservice:4 redis-cart:1 shippingservice:4,0,176,41824,adservice:4 cartservice:4 checkoutservice:4 currencyservice:4 emailservice:4 frontend:4 paymentservice:4 productcatalogservice:4 recommendationservice:2 redis-cart:1 shippingservice:4,yes,0,0,0,0,0,1,0,756.0,0.0,6.300,8
1,normal,400,345.9,9088,0,4160.5,5752.7,6.3,0.0,54.9,41,0,1573.8,111.64,68.78,4133.1,4133.6,4198.2,5653.1,5682.4,6400.3,adservice:4 cartservice:4 checkoutservice:4 currencyservice:4 emailservice:4 frontend:4 paymentservice:4 productcatalogservice:4 recommendationservice:4 redis-cart:1 shippingservice:4,0,6487,41513,adservice:4 cartservice:4 checkoutservice:4 currencyservice:4 emailservice:4 frontend:4 paymentservice:4 productcatalogservice:4 recommendationservice:1 redis-cart:1 shippingservice:4,yes,0,0,0,0,0,1,0,756.0,0.0,6.300,8
1,normal,450,375.8,14764,0,2804.5,6125.3,6.3,0.0,59.6,41,0,1684.6,112.99,69.4,2745.6,2759.0,2898.6,6048.7,6025.0,6364.9,adservice:4 cartservice:4 checkoutservice:4 currencyservice:4 emailservice:4 frontend:4 paymentservice:4 productcatalogservice:4 recommendationservice:4 redis-cart:1 shippingservice:4,0,8908,45092,adservice:4 cartservice:4 checkoutservice:4 currencyservice:4 emailservice:4 frontend:4 paymentservice:4 productcatalogservice:4 recommendationservice:1 redis-cart:1 shippingservice:4,yes,0,0,0,0,0,1,0,756.0,0.0,6.300,8
1,frontrecocatalog,350,350.0,58,0,61.7,810.9,6.3,0.0,55.6,33,0,1615.6,91.87,58.93,47.1,55.1,83.3,672.2,363.1,1035.7,adservice:4 cartservice:4 checkoutservice:4 currencyservice:4 emailservice:4 frontend:4 paymentservice:4 redis-cart:1 shippingservice:4,0,0,42001,adservice:4 cartservice:4 checkoutservice:4 currencyservice:4 emailservice:4 frontend:4 paymentservice:4 redis-cart:1 shippingservice:4,no,0,0,0,0,0,1,0,756.0,0.0,6.300,8
1,frontrecocatalog,400,399.8,152,0,233.6,1368.4,6.3,0.0,63.5,33,0,1715.0,90.47,71.47,186.0,204.6,342.5,841.7,576.9,1649.4,adservice:4 cartservice:4 checkoutservice:4 currencyservice:4 emailservice:4 frontend:4 paymentservice:4 redis-cart:1 shippingservice:4,0,29,47971,adservice:4 cartservice:4 checkoutservice:4 currencyservice:4 emailservice:4 frontend:4 paymentservice:4 redis-cart:1 shippingservice:4,no,0,0,0,0,0,1,0,756.0,0.0,6.300,8
1,frontrecocatalog,450,439.9,2298,0.0003,1511.5,3223.8,6.3,0.0,69.8,33,0,1774.4,89.18,78.89,1357.4,1417.9,1742.0,2676.7,2712.5,3762.0,adservice:4 cartservice:4 checkoutservice:4 currencyservice:4 emailservice:4 frontend:4 paymentservice:4 redis-cart:1 shippingservice:4,0,1216,52784,adservice:4 cartservice:4 checkoutservice:4 currencyservice:4 emailservice:4 frontend:4 paymentservice:4 redis-cart:1 shippingservice:4,no,0,0,0,0,0,1,0,756.0,0.0,6.300,8
1,mega,350,350.0,0,0,54.2,627.6,6.3,0.0,55.6,5,0,1590.5,63.41,67.31,48.4,52.4,61.7,769.1,453.9,514.4,megapod:4 redis-cart:1,0,0,42001,megapod:4 redis-cart:1,no,0,0,0,0,0,1,0,756.0,0.0,6.300,8
1,mega,400,400.0,0,0,249.1,807.1,6.3,0.0,63.5,5,0,1737.0,66.92,69.97,237.5,248.8,262.4,846.3,522.0,1134.1,megapod:4 redis-cart:1,0,0,48001,megapod:4 redis-cart:1,no,0,0,0,0,0,1,0,756.0,0.0,6.300,8
1,mega,450,437.4,2998,0.0014,1662.1,3826.8,6.3,0.0,69.4,5,0,1827.8,67.69,80.28,1606.8,1612.9,1751.4,3809.1,3836.6,3834.2,megapod:4 redis-cart:1,0,1506,52494,megapod:0 redis-cart:1,yes,0,0,0,0,0,1,0,756.0,0.0,6.300,8
2,normal,350,350.0,0,0,74.4,730.4,6.3,0.0,55.6,41,0,1605.9,115.07,60.8,61.4,72.9,85.4,745.4,645.0,865.6,adservice:4 cartservice:4 checkoutservice:4 currencyservice:4 emailservice:4 frontend:4 paymentservice:4 productcatalogservice:4 recommendationservice:4 redis-cart:1 shippingservice:4,0,0,42001,adservice:4 cartservice:4 checkoutservice:4 currencyservice:4 emailservice:4 frontend:4 paymentservice:4 productcatalogservice:4 recommendationservice:4 redis-cart:1 shippingservice:4,no,0,0,0,0,0,1,0,756.0,0.0,6.300,8
2,normal,400,388.0,2345,0,1598.6,3947.5,6.3,0.0,61.6,41,0,1679.9,105.45,74.02,1562.7,1581.0,1657.4,3784.6,3813.0,4454.8,adservice:4 cartservice:4 checkoutservice:4 currencyservice:4 emailservice:4 frontend:4 paymentservice:4 productcatalogservice:4 recommendationservice:4 redis-cart:1 shippingservice:4,0,1437,46563,adservice:4 cartservice:4 checkoutservice:4 currencyservice:4 emailservice:4 frontend:4 paymentservice:4 productcatalogservice:4 recommendationservice:3 redis-cart:1 shippingservice:4,yes,0,0,0,0,0,1,0,756.0,0.0,6.300,8
2,normal,450,354.6,14855,0,2690.0,7479.2,6.3,0.0,56.3,41,0,1456.8,107.27,66.46,2573.8,2573.0,3125.0,6306.9,6290.1,8364.0,adservice:4 cartservice:4 checkoutservice:4 currencyservice:4 emailservice:4 frontend:4 paymentservice:4 productcatalogservice:4 recommendationservice:3 redis-cart:1 shippingservice:4,0,11449,42551,adservice:4 cartservice:4 checkoutservice:4 currencyservice:4 emailservice:4 frontend:4 paymentservice:4 productcatalogservice:4 recommendationservice:1 redis-cart:1 shippingservice:4,yes,0,0,0,0,0,1,0,756.0,0.0,6.300,8
2,frontrecocatalog,350,350.0,26,0,65.7,1023.3,6.3,0.0,55.6,33,0,1578.0,87.67,61.05,42.4,47.5,174.2,755.0,395.6,1306.0,adservice:4 cartservice:4 checkoutservice:4 currencyservice:4 emailservice:4 frontend:4 paymentservice:4 redis-cart:1 shippingservice:4,0,0,42001,adservice:4 cartservice:4 checkoutservice:4 currencyservice:4 emailservice:4 frontend:4 paymentservice:4 redis-cart:1 shippingservice:4,no,0,0,0,0,0,1,0,756.0,0.0,6.300,8
2,frontrecocatalog,400,398.8,174,0,266.4,1607.7,6.3,0.0,63.3,33,0,1719.9,90.95,73.09,119.6,129.1,875.0,753.7,562.8,1837.9,adservice:4 cartservice:4 checkoutservice:4 currencyservice:4 emailservice:4 frontend:4 paymentservice:4 redis-cart:1 shippingservice:4,0,148,47852,adservice:4 cartservice:4 checkoutservice:4 currencyservice:4 emailservice:4 frontend:4 paymentservice:4 redis-cart:1 shippingservice:4,no,0,0,0,0,0,1,0,756.0,0.0,6.300,8
2,frontrecocatalog,450,435.4,3144,0,1273.9,9908.7,6.3,0.0,69.1,33,0,1775.7,90.81,80.43,1006.7,1006.7,4016.4,1839.8,1872.2,13014.3,adservice:4 cartservice:4 checkoutservice:4 currencyservice:4 emailservice:3 frontend:4 paymentservice:4 redis-cart:1 shippingservice:4,0,1749,52251,adservice:4 cartservice:4 checkoutservice:4 currencyservice:4 emailservice:3 frontend:3 paymentservice:4 redis-cart:1 shippingservice:4,yes,0,0,0,0,0,1,0,756.0,0.0,6.300,8
2,mega,350,350.0,0,0,52.3,637.4,6.3,0.0,55.6,5,0,1680.1,68.08,61.56,46.4,50.6,59.6,796.3,387.3,455.7,megapod:4 redis-cart:1,0,0,42001,megapod:4 redis-cart:1,no,0,0,0,0,0,1,0,756.0,0.0,6.300,8
2,mega,400,400.0,0,0,301.4,909.6,6.3,0.0,63.5,5,0,1675.2,63.75,66.32,288.2,299.7,316.0,843.0,525.1,1179.8,megapod:4 redis-cart:1,0,0,48001,megapod:4 redis-cart:1,no,0,0,0,0,0,1,0,756.0,0.0,6.300,8
2,mega,450,436.8,2931,0.0016,1634.0,4022.5,6.3,0.0,69.3,5,0,1825.4,67.84,79.51,1577.6,1620.7,1695.5,3954.9,3987.0,4268.2,megapod:4 redis-cart:1,0,1582,52418,megapod:2 redis-cart:1,yes,0,0,0,0,0,1,0,756.0,0.0,6.300,8
3,normal,350,350,28,0,303.8,1101.5,6.3,0.0,55.6,41,0,1655.6,113.27,66.73,279.1,284.7,356.4,897.8,825.7,1328.3,adservice:4 cartservice:4 checkoutservice:4 currencyservice:4 emailservice:4 frontend:4 paymentservice:4 productcatalogservice:4 recommendationservice:4 redis-cart:1 shippingservice:4,0,0,42000,adservice:4 cartservice:4 checkoutservice:4 currencyservice:4 emailservice:4 frontend:4 paymentservice:4 productcatalogservice:4 recommendationservice:4 redis-cart:1 shippingservice:4,no,0,0,0,0,0,1,0,756.0,0.0,6.300,8
3,normal,400,350.1,7593,0,3122.0,6136.2,6.3,0.0,55.6,41,0,1597.2,111.24,69.11,3089.3,3088.8,3226.5,6056.0,6106.4,6496.1,adservice:4 cartservice:4 checkoutservice:4 currencyservice:4 emailservice:4 frontend:4 paymentservice:4 productcatalogservice:4 recommendationservice:4 redis-cart:1 shippingservice:4,0,5986,42014,adservice:4 cartservice:4 checkoutservice:4 currencyservice:4 emailservice:4 frontend:4 paymentservice:4 productcatalogservice:4 recommendationservice:2 redis-cart:1 shippingservice:4,yes,0,0,0,0,0,1,0,756.0,0.0,6.300,8
3,normal,450,392.3,8299,0,2328.2,5587.1,6.3,0.0,62.3,41,0,1652.5,112.25,74.1,2151.5,2259.3,2467.2,5510.6,5521.5,5747.8,adservice:4 cartservice:4 checkoutservice:4 currencyservice:4 emailservice:4 frontend:4 paymentservice:4 productcatalogservice:4 recommendationservice:4 redis-cart:1 shippingservice:4,0,6929,47071,adservice:4 cartservice:4 checkoutservice:4 currencyservice:4 emailservice:4 frontend:4 paymentservice:4 productcatalogservice:4 recommendationservice:2 redis-cart:1 shippingservice:4,yes,0,0,0,0,0,1,0,756.0,0.0,6.300,8
3,frontrecocatalog,350,350.0,17,0,75.2,995.6,6.3,0.0,55.6,33,0,1555.4,89.11,65.22,63.3,79.5,84.6,933.6,461.8,1429.9,adservice:4 cartservice:4 checkoutservice:4 currencyservice:4 emailservice:4 frontend:4 paymentservice:4 redis-cart:1 shippingservice:4,0,0,42001,adservice:4 cartservice:4 checkoutservice:4 currencyservice:4 emailservice:4 frontend:4 paymentservice:4 redis-cart:1 shippingservice:4,no,0,0,0,0,0,1,0,756.0,0.0,6.300,8
3,frontrecocatalog,400,400,0,0,170.3,827.1,6.3,0.0,63.5,33,0,1688.3,88.0,70.55,147.8,191.1,174.5,764.9,563.6,1029.0,adservice:4 cartservice:4 checkoutservice:4 currencyservice:4 emailservice:4 frontend:4 paymentservice:4 redis-cart:1 shippingservice:4,0,0,48000,adservice:4 cartservice:4 checkoutservice:4 currencyservice:4 emailservice:4 frontend:4 paymentservice:4 redis-cart:1 shippingservice:4,no,0,0,0,0,0,1,0,756.0,0.0,6.300,8
3,frontrecocatalog,450,449.9,359,0,508.0,1188.6,6.3,0.0,71.4,33,0,1730.5,82.96,71.36,459.0,614.6,473.4,989.1,950.5,1531.4,adservice:4 cartservice:4 checkoutservice:4 currencyservice:4 emailservice:4 frontend:4 paymentservice:4 redis-cart:1 shippingservice:4,0,12,53988,adservice:4 cartservice:4 checkoutservice:4 currencyservice:4 emailservice:4 frontend:4 paymentservice:4 redis-cart:1 shippingservice:4,no,0,0,0,0,0,1,0,756.0,0.0,6.300,8
3,mega,350,350,0,0,55.2,724.1,6.3,0.0,55.6,5,0,1651.2,66.25,61.63,49.1,53.8,62.9,844.6,417.1,745.6,megapod:4 redis-cart:1,0,0,42000,megapod:4 redis-cart:1,no,0,0,0,0,0,1,0,756.0,0.0,6.300,8
3,mega,400,399.6,50,0,317.8,992.6,6.3,0.0,63.4,5,0,1790.9,68.83,61.87,305.3,317.5,330.6,921.5,595.9,1269.0,megapod:4 redis-cart:1,0,50,47950,megapod:4 redis-cart:1,no,0,0,0,0,0,1,0,756.0,0.0,6.300,8
3,mega,450,434.7,3240,0.0002,1879.7,3537.0,6.3,0.0,69.0,5,0,1822.1,67.37,79.02,1828.4,1870.7,1929.7,3453.7,3502.1,3611.5,megapod:4 redis-cart:1,0,1841,52159,megapod:2 redis-cart:1,yes,0,0,0,0,0,1,0,756.0,0.0,6.300,8
4,normal,350,339.9,2859,0,2633.5,4200.2,6.3,0.0,53.9,41,0,1575.1,111.45,66.87,2597.1,2601.5,2729.6,4046.8,3985.1,4491.6,adservice:4 cartservice:4 checkoutservice:4 currencyservice:4 emailservice:4 frontend:4 paymentservice:4 productcatalogservice:4 recommendationservice:4 redis-cart:1 shippingservice:4,0,1215,40785,adservice:4 cartservice:4 checkoutservice:4 currencyservice:4 emailservice:4 frontend:4 paymentservice:4 productcatalogservice:4 recommendationservice:2 redis-cart:1 shippingservice:4,yes,0,0,0,0,0,1,0,756.0,0.0,6.300,8
4,normal,400,328.5,14421,0,2933.0,7307.1,6.3,0.0,52.1,41,0,1551.5,109.27,64.82,3236.0,2351.6,3254.2,7147.9,7296.8,7464.8,adservice:4 cartservice:4 checkoutservice:4 currencyservice:4 emailservice:4 frontend:4 paymentservice:4 productcatalogservice:4 recommendationservice:4 redis-cart:1 shippingservice:4,0,8583,39417,adservice:4 cartservice:4 checkoutservice:4 currencyservice:4 emailservice:4 frontend:4 paymentservice:4 productcatalogservice:4 recommendationservice:2 redis-cart:1 shippingservice:4,yes,0,0,0,0,0,1,0,756.0,0.0,6.300,8
4,normal,450,344.0,17800,0,2764.6,6963.0,6.3,0.0,54.6,41,0,1524.5,108.99,55.5,2581.6,2260.0,3432.6,6612.6,6536.2,7919.2,adservice:4 cartservice:4 checkoutservice:4 currencyservice:4 emailservice:4 frontend:4 paymentservice:4 productcatalogservice:4 recommendationservice:4 redis-cart:1 shippingservice:4,0,12721,41279,adservice:4 cartservice:4 checkoutservice:4 currencyservice:4 emailservice:4 frontend:4 paymentservice:4 productcatalogservice:4 recommendationservice:1 redis-cart:1 shippingservice:4,yes,0,0,0,0,0,1,0,756.0,0.0,6.300,8
4,frontrecocatalog,350,350.0,102,0,45.7,836.8,6.3,0.0,55.6,33,0,1622.1,93.32,65.96,37.2,43.6,57.0,663.0,366.0,1121.8,adservice:4 cartservice:4 checkoutservice:4 currencyservice:4 emailservice:4 frontend:4 paymentservice:4 redis-cart:1 shippingservice:4,0,0,42001,adservice:4 cartservice:4 checkoutservice:4 currencyservice:4 emailservice:4 frontend:4 paymentservice:4 redis-cart:1 shippingservice:4,no,0,0,0,0,0,1,0,756.0,0.0,6.300,8
4,frontrecocatalog,400,399.2,98,0,202.3,1279.6,6.3,0.0,63.4,33,0,1709.8,90.89,67.06,172.3,188.9,254.0,812.6,515.7,1577.3,adservice:4 cartservice:4 checkoutservice:4 currencyservice:4 emailservice:4 frontend:4 paymentservice:4 redis-cart:1 shippingservice:4,0,97,47903,adservice:4 cartservice:4 checkoutservice:4 currencyservice:4 emailservice:4 frontend:4 paymentservice:4 redis-cart:1 shippingservice:4,no,0,0,0,0,0,1,0,756.0,0.0,6.300,8
4,frontrecocatalog,450,439.5,2115,0.0001,1313.2,2832.7,6.3,0.0,69.8,33,0,1776.9,90.29,78.64,1219.7,1237.7,1545.8,2012.2,2057.0,3420.1,adservice:4 cartservice:4 checkoutservice:4 currencyservice:4 emailservice:4 frontend:4 paymentservice:4 redis-cart:1 shippingservice:4,0,1255,52745,adservice:4 cartservice:4 checkoutservice:4 currencyservice:4 emailservice:4 frontend:4 paymentservice:4 redis-cart:1 shippingservice:4,no,0,0,0,0,0,1,0,756.0,0.0,6.300,8
4,mega,350,350.0,0,0,45.8,587.0,6.3,0.0,55.6,5,0,1607.4,65.01,65.5,40.2,44.1,52.6,783.2,392.1,465.9,megapod:4 redis-cart:1,0,0,42001,megapod:4 redis-cart:1,no,0,0,0,0,0,1,0,756.0,0.0,6.300,8
4,mega,400,400.0,0,0,251.5,799.7,6.3,0.0,63.5,5,0,1767.0,65.59,65.31,239.9,251.0,264.8,843.8,541.2,1115.1,megapod:4 redis-cart:1,0,0,48001,megapod:4 redis-cart:1,no,0,0,0,0,0,1,0,756.0,0.0,6.300,8
4,mega,450,439.4,2888,0.0023,1841.5,3572.4,6.3,0.0,69.7,5,0,1832.9,67.89,68.45,1788.1,1811.9,1951.1,3520.4,3551.9,3622.9,megapod:4 redis-cart:1,0,1272,52728,megapod:1 redis-cart:1,yes,0,0,0,0,0,1,0,756.0,0.0,6.300,8
5,normal,350,350,70,0,79.5,966.5,6.3,0.0,55.6,41,0,1623.2,108.84,65.03,64.6,72.6,103.6,793.4,464.0,1364.4,adservice:4 cartservice:4 checkoutservice:4 currencyservice:4 emailservice:4 frontend:4 paymentservice:4 productcatalogservice:4 recommendationservice:4 redis-cart:1 shippingservice:4,0,0,42000,adservice:4 cartservice:4 checkoutservice:4 currencyservice:4 emailservice:4 frontend:4 paymentservice:4 productcatalogservice:4 recommendationservice:4 redis-cart:1 shippingservice:4,no,0,0,0,0,0,1,0,756.0,0.0,6.300,8
5,normal,400,399.0,135,0,279.5,1403.1,6.3,0.0,63.3,41,0,1623.3,100.49,72.42,240.4,256.8,353.4,933.0,599.6,1673.0,adservice:4 cartservice:4 checkoutservice:4 currencyservice:4 emailservice:4 frontend:4 paymentservice:4 productcatalogservice:4 recommendationservice:4 redis-cart:1 shippingservice:4,0,125,47875,adservice:4 cartservice:4 checkoutservice:4 currencyservice:4 emailservice:4 frontend:4 paymentservice:4 productcatalogservice:4 recommendationservice:4 redis-cart:1 shippingservice:4,no,0,0,0,0,0,1,0,756.0,0.0,6.300,8
5,normal,450,363.0,11846,0,2090.6,6927.3,6.3,0.0,57.6,41,0,1568.2,107.97,63.07,2033.0,2066.1,2177.3,6918.2,6912.6,6955.0,adservice:4 cartservice:4 checkoutservice:4 currencyservice:4 emailservice:4 frontend:4 paymentservice:4 productcatalogservice:4 recommendationservice:4 redis-cart:1 shippingservice:4,0,10444,43556,adservice:4 cartservice:4 checkoutservice:4 currencyservice:4 emailservice:4 frontend:4 paymentservice:4 productcatalogservice:4 recommendationservice:3 redis-cart:1 shippingservice:4,yes,0,0,0,0,0,1,0,756.0,0.0,6.300,8
5,frontrecocatalog,350,350.0,0,0,73.6,908.5,6.3,0.0,55.6,33,0,1613.3,91.08,66.33,51.6,60.4,142.6,761.0,442.5,1128.4,adservice:4 cartservice:4 checkoutservice:4 currencyservice:4 emailservice:4 frontend:4 paymentservice:4 redis-cart:1 shippingservice:4,0,0,42001,adservice:4 cartservice:4 checkoutservice:4 currencyservice:4 emailservice:4 frontend:4 paymentservice:4 redis-cart:1 shippingservice:4,no,0,0,0,0,0,1,0,756.0,0.0,6.300,8
5,frontrecocatalog,400,399.6,75,0,358.9,1324.5,6.3,0.0,63.4,33,0,1758.5,90.77,66.01,227.3,251.7,671.3,806.2,615.4,1482.0,adservice:4 cartservice:4 checkoutservice:4 currencyservice:4 emailservice:4 frontend:4 paymentservice:4 redis-cart:1 shippingservice:4,0,47,47953,adservice:4 cartservice:4 checkoutservice:4 currencyservice:4 emailservice:4 frontend:4 paymentservice:4 redis-cart:1 shippingservice:4,no,0,0,0,0,0,1,0,756.0,0.0,6.300,8
5,frontrecocatalog,450,436.8,3277,0.0078,1990.0,5149.5,6.3,0.0,69.3,33,0,1792.3,90.36,77.01,1874.7,1901.2,2185.6,4304.8,4282.8,6539.5,adservice:4 cartservice:4 checkoutservice:4 currencyservice:4 emailservice:4 frontend:4 paymentservice:4 redis-cart:1 shippingservice:4,0,1586,52414,adservice:4 cartservice:4 checkoutservice:4 currencyservice:4 emailservice:3 frontend:4 paymentservice:4 redis-cart:1 shippingservice:4,yes,0,0,0,0,0,1,0,756.0,0.0,6.300,8
5,mega,350,350.0,0,0,51.3,697.9,6.3,0.0,55.6,5,0,1679.3,68.48,67.28,45.9,49.5,58.1,853.3,412.5,513.2,megapod:4 redis-cart:1,0,0,42001,megapod:4 redis-cart:1,no,0,0,0,0,0,1,0,756.0,0.0,6.300,8
5,mega,400,400.0,0,0,324.9,814.0,6.3,0.0,63.5,5,0,1815.7,68.93,73.14,312.7,323.5,338.2,787.4,545.3,1130.5,megapod:4 redis-cart:1,0,0,48001,megapod:4 redis-cart:1,no,0,0,0,0,0,1,0,756.0,0.0,6.300,8
5,mega,450,438.4,2895,0.0003,1843.9,3291.3,6.3,0.0,69.6,5,0,1766.0,64.84,79.62,1796.0,1815.7,1940.3,3180.7,3217.6,3530.5,megapod:4 redis-cart:1,0,1397,52603,megapod:1 redis-cart:1,yes,0,0,0,0,0,1,0,756.0,0.0,6.300,8
6,normal,350,349.8,136,0,258.7,1008.1,6.3,0.0,55.5,41,0,1549.0,107.39,66.25,243.1,247.9,286.1,847.2,836.5,1266.5,adservice:4 cartservice:4 checkoutservice:4 currencyservice:4 emailservice:4 frontend:4 paymentservice:4 productcatalogservice:4 recommendationservice:4 redis-cart:1 shippingservice:4,0,20,41980,adservice:4 cartservice:4 checkoutservice:4 currencyservice:4 emailservice:4 frontend:4 paymentservice:4 productcatalogservice:4 recommendationservice:4 redis-cart:1 shippingservice:4,no,0,0,0,0,0,1,0,756.0,0.0,6.300,8
6,normal,400,358.4,6734,0,2644.4,8198.0,6.3,0.0,56.9,41,0,1608.5,112.57,70.79,2215.1,2190.4,3587.6,6319.3,6428.9,8550.6,adservice:4 cartservice:4 checkoutservice:4 currencyservice:4 emailservice:4 frontend:4 paymentservice:4 productcatalogservice:4 recommendationservice:4 redis-cart:1 shippingservice:4,0,4992,43008,adservice:4 cartservice:4 checkoutservice:4 currencyservice:4 emailservice:4 frontend:4 paymentservice:4 productcatalogservice:4 recommendationservice:2 redis-cart:1 shippingservice:4,yes,0,0,0,0,0,1,0,756.0,0.0,6.300,8
6,normal,450,327.7,24621,0,4147.3,6682.4,6.3,0.0,52.0,41,0,1487.7,109.49,62.65,4079.5,4062.6,4315.6,4620.4,4595.6,7272.0,adservice:4 cartservice:4 checkoutservice:4 currencyservice:4 emailservice:4 frontend:4 paymentservice:4 productcatalogservice:4 recommendationservice:4 redis-cart:1 shippingservice:4,0,14673,39327,adservice:4 cartservice:4 checkoutservice:4 currencyservice:4 emailservice:4 frontend:4 paymentservice:4 productcatalogservice:4 recommendationservice:2 redis-cart:1 shippingservice:4,yes,0,0,0,0,0,1,0,756.0,0.0,6.300,8
6,frontrecocatalog,350,350.0,134,0,78.8,973.7,6.3,0.0,55.6,33,0,1630.3,93.0,66.26,54.6,60.7,150.2,805.2,439.2,1246.6,adservice:4 cartservice:4 checkoutservice:4 currencyservice:4 emailservice:4 frontend:4 paymentservice:4 redis-cart:1 shippingservice:4,0,0,42001,adservice:4 cartservice:4 checkoutservice:4 currencyservice:4 emailservice:4 frontend:4 paymentservice:4 redis-cart:1 shippingservice:4,no,0,0,0,0,0,1,0,756.0,0.0,6.300,8
6,frontrecocatalog,400,399.4,294,0,308.9,1879.8,6.3,0.0,63.4,33,0,1725.8,91.25,68.94,195.7,208.5,877.4,878.6,610.7,2250.6,adservice:4 cartservice:4 checkoutservice:4 currencyservice:4 emailservice:4 frontend:4 paymentservice:4 redis-cart:1 shippingservice:4,0,72,47928,adservice:4 cartservice:4 checkoutservice:4 currencyservice:4 emailservice:4 frontend:4 paymentservice:4 redis-cart:1 shippingservice:4,no,0,0,0,0,0,1,0,756.0,0.0,6.300,8
6,frontrecocatalog,450,435.3,3295,0.0002,1789.9,7759.8,6.3,0.0,69.1,33,0,1794.0,89.47,73.57,1473.4,1511.6,3566.1,3139.2,3297.8,8322.6,adservice:4 cartservice:4 checkoutservice:4 currencyservice:4 emailservice:3 frontend:4 paymentservice:4 redis-cart:1 shippingservice:4,0,1766,52234,adservice:4 cartservice:4 checkoutservice:4 currencyservice:4 emailservice:3 frontend:3 paymentservice:4 redis-cart:1 shippingservice:4,yes,0,0,0,0,0,1,0,756.0,0.0,6.300,8
6,mega,350,350.0,0,0,49.6,553.2,6.3,0.0,55.6,5,0,1716.0,61.55,66.94,44.0,47.9,56.6,745.8,399.6,465.6,megapod:4 redis-cart:1,0,0,42001,megapod:4 redis-cart:1,no,0,0,0,0,0,1,0,756.0,0.0,6.300,8
6,mega,400,400.0,0,0,315.7,862.1,6.3,0.0,63.5,5,0,1704.4,64.47,72.41,304.8,315.1,327.9,850.1,541.0,1153.8,megapod:4 redis-cart:1,0,0,48001,megapod:4 redis-cart:1,no,0,0,0,0,0,1,0,756.0,0.0,6.300,8
6,mega,450,437.8,2981,0.0003,1822.7,3701.2,6.3,0.0,69.5,5,0,1828.4,67.64,80.21,1759.3,1775.0,1915.5,3588.7,3628.4,4003.8,megapod:4 redis-cart:1,0,1466,52534,megapod:1 redis-cart:1,yes,0,0,0,0,0,1,0,756.0,0.0,6.300,8
7,normal,350,349.2,325,0,469.5,1468.6,6.3,0.0,55.4,41,0,1564.6,107.43,67.21,434.7,434.4,550.2,1251.9,1244.7,1767.9,adservice:4 cartservice:4 checkoutservice:4 currencyservice:4 emailservice:4 frontend:4 paymentservice:4 productcatalogservice:4 recommendationservice:4 redis-cart:1 shippingservice:4,0,95,41905,adservice:4 cartservice:4 checkoutservice:4 currencyservice:4 emailservice:4 frontend:4 paymentservice:4 productcatalogservice:4 recommendationservice:4 redis-cart:1 shippingservice:4,no,0,0,0,0,0,1,0,756.0,0.0,6.300,8
7,normal,400,348.3,8154,0,3758.3,5304.0,6.3,0.0,55.3,41,0,1554.6,109.65,60.8,3678.8,3673.4,3890.7,4876.1,4880.9,5748.5,adservice:4 cartservice:4 checkoutservice:4 currencyservice:4 emailservice:4 frontend:4 paymentservice:4 productcatalogservice:4 recommendationservice:4 redis-cart:1 shippingservice:4,0,6202,41798,adservice:4 cartservice:4 checkoutservice:4 currencyservice:4 emailservice:4 frontend:4 paymentservice:4 productcatalogservice:4 recommendationservice:1 redis-cart:1 shippingservice:4,yes,0,0,0,0,0,1,0,756.0,0.0,6.300,8
7,frontrecocatalog,350,350.0,1554,0,77.2,755.2,6.3,0.0,55.6,33,0,1610.5,89.99,60.12,64.5,70.3,95.3,799.0,458.2,837.5,adservice:4 cartservice:4 checkoutservice:4 currencyservice:4 emailservice:4 frontend:4 paymentservice:4 redis-cart:1 shippingservice:4,0,0,42001,adservice:4 cartservice:4 checkoutservice:4 currencyservice:4 emailservice:4 frontend:4 paymentservice:4 redis-cart:1 shippingservice:4,no,0,0,0,0,0,1,0,756.0,0.0,6.300,8
7,frontrecocatalog,400,399.5,61,0,257.6,924.1,6.3,0.0,63.4,33,0,1748.4,92.72,72.58,233.1,248.5,293.8,841.9,518.4,1163.6,adservice:4 cartservice:4 checkoutservice:4 currencyservice:4 emailservice:4 frontend:4 paymentservice:4 redis-cart:1 shippingservice:4,0,60,47940,adservice:4 cartservice:4 checkoutservice:4 currencyservice:4 emailservice:4 frontend:4 paymentservice:4 redis-cart:1 shippingservice:4,no,0,0,0,0,0,1,0,756.0,0.0,6.300,8
7,mega,350,350.0,0,0,51.2,565.9,6.3,0.0,55.6,5,0,1680.8,67.47,66.87,45.7,49.6,57.9,750.1,401.3,497.4,megapod:4 redis-cart:1,0,0,42001,megapod:4 redis-cart:1,no,0,0,0,0,0,1,0,756.0,0.0,6.300,8
7,mega,400,400.0,0,0,249.6,852.9,6.3,0.0,63.5,5,0,1811.4,68.8,72.86,236.9,249.2,263.3,852.1,526.6,1113.7,megapod:4 redis-cart:1,0,0,48001,megapod:4 redis-cart:1,no,0,0,0,0,0,1,0,756.0,0.0,6.300,8
8,normal,350,347.4,593,0,656.8,1855.5,6.3,0.0,55.1,41,0,1656.6,113.97,67.83,637.4,638.8,692.4,1735.8,1735.1,2355.9,adservice:4 cartservice:4 checkoutservice:4 currencyservice:4 emailservice:4 frontend:4 paymentservice:4 productcatalogservice:4 recommendationservice:4 redis-cart:1 shippingservice:4,0,311,41689,adservice:4 cartservice:4 checkoutservice:4 currencyservice:4 emailservice:4 frontend:4 paymentservice:4 productcatalogservice:4 recommendationservice:4 redis-cart:1 shippingservice:4,no,0,0,0,0,0,1,0,756.0,0.0,6.300,8
8,normal,400,339.7,9475,0,4129.3,5109.3,6.3,0.0,53.9,41,0,1551.0,111.77,67.83,4110.6,4120.7,4157.8,5049.4,5020.0,5176.0,adservice:4 cartservice:4 checkoutservice:4 currencyservice:4 emailservice:4 frontend:4 paymentservice:4 productcatalogservice:4 recommendationservice:4 redis-cart:1 shippingservice:4,0,7231,40769,adservice:4 cartservice:4 checkoutservice:4 currencyservice:4 emailservice:4 frontend:4 paymentservice:4 productcatalogservice:4 recommendationservice:2 redis-cart:1 shippingservice:4,yes,0,0,0,0,0,1,0,756.0,0.0,6.300,8
8,frontrecocatalog,350,350.0,0,0,78.4,781.8,6.3,0.0,55.6,33,0,1646.1,92.79,66.27,55.1,61.5,149.2,756.6,418.4,964.0,adservice:4 cartservice:4 checkoutservice:4 currencyservice:4 emailservice:4 frontend:4 paymentservice:4 redis-cart:1 shippingservice:4,0,0,42001,adservice:4 cartservice:4 checkoutservice:4 currencyservice:4 emailservice:4 frontend:4 paymentservice:4 redis-cart:1 shippingservice:4,no,0,0,0,0,0,1,0,756.0,0.0,6.300,8
8,frontrecocatalog,400,399.5,95,0,349.4,1158.5,6.3,0.0,63.4,33,0,1763.8,90.2,71.5,230.5,245.4,621.6,785.8,588.7,1345.7,adservice:4 cartservice:4 checkoutservice:4 currencyservice:4 emailservice:4 frontend:4 paymentservice:4 redis-cart:1 shippingservice:4,0,62,47938,adservice:4 cartservice:4 checkoutservice:4 currencyservice:4 emailservice:4 frontend:4 paymentservice:4 redis-cart:1 shippingservice:4,no,0,0,0,0,0,1,0,756.0,0.0,6.300,8
8,mega,350,350.0,0,0,49.3,516.0,6.3,0.0,55.6,5,0,1561.2,63.31,65.42,43.9,47.4,55.7,705.4,386.7,428.9,megapod:4 redis-cart:1,0,0,42001,megapod:4 redis-cart:1,no,0,0,0,0,0,1,0,756.0,0.0,6.300,8
8,mega,400,400.0,0,0,281.5,873.5,6.3,0.0,63.5,5,0,1726.2,64.63,65.29,268.8,281.9,293.9,853.1,535.7,1231.0,megapod:4 redis-cart:1,0,0,48001,megapod:4 redis-cart:1,no,0,0,0,0,0,1,0,756.0,0.0,6.300,8
9,normal,350,347.1,1773,0,800.1,5948.5,6.3,0.0,55.1,41,0,1626.6,110.65,66.62,710.5,705.9,1127.1,2597.8,2521.7,7198.2,adservice:4 cartservice:4 checkoutservice:4 currencyservice:4 emailservice:4 frontend:4 paymentservice:4 productcatalogservice:4 recommendationservice:4 redis-cart:1 shippingservice:4,0,346,41654,adservice:4 cartservice:4 checkoutservice:4 currencyservice:4 emailservice:3 frontend:4 paymentservice:4 productcatalogservice:4 recommendationservice:4 redis-cart:1 shippingservice:4,yes,0,0,0,0,0,1,0,756.0,0.0,6.300,8
9,normal,400,324.4,15316,0,2753.7,6933.0,6.3,0.0,51.5,41,0,1526.0,109.49,64.04,3044.7,2489.8,2789.4,6677.3,6709.7,7393.1,adservice:4 cartservice:4 checkoutservice:4 currencyservice:4 emailservice:4 frontend:4 paymentservice:4 productcatalogservice:4 recommendationservice:3 redis-cart:1 shippingservice:4,0,9072,38928,adservice:4 cartservice:4 checkoutservice:4 currencyservice:4 emailservice:4 frontend:4 paymentservice:4 productcatalogservice:4 recommendationservice:2 redis-cart:1 shippingservice:4,yes,0,0,0,0,0,1,0,756.0,0.0,6.300,8
9,frontrecocatalog,350,350.0,0,0,53.7,739.5,6.3,0.0,55.6,33,0,1647.2,93.08,66.35,43.4,49.7,67.9,695.1,388.2,983.0,adservice:4 cartservice:4 checkoutservice:4 currencyservice:4 emailservice:4 frontend:4 paymentservice:4 redis-cart:1 shippingservice:4,0,0,42001,adservice:4 cartservice:4 checkoutservice:4 currencyservice:4 emailservice:4 frontend:4 paymentservice:4 redis-cart:1 shippingservice:4,no,0,0,0,0,0,1,0,756.0,0.0,6.300,8
9,frontrecocatalog,400,399.9,16,0,206.8,985.6,6.3,0.0,63.5,33,0,1738.4,91.39,69.77,182.2,198.0,243.9,845.0,525.4,1339.1,adservice:4 cartservice:4 checkoutservice:4 currencyservice:4 emailservice:4 frontend:4 paymentservice:4 redis-cart:1 shippingservice:4,0,15,47985,adservice:4 cartservice:4 checkoutservice:4 currencyservice:4 emailservice:4 frontend:4 paymentservice:4 redis-cart:1 shippingservice:4,no,0,0,0,0,0,1,0,756.0,0.0,6.300,8
9,mega,350,350.0,0,0,53.0,578.6,6.3,0.0,55.6,5,0,1699.0,67.92,64.0,47.1,51.6,59.9,738.1,383.8,455.0,megapod:4 redis-cart:1,0,0,42001,megapod:4 redis-cart:1,no,0,0,0,0,0,1,0,756.0,0.0,6.300,8
9,mega,400,400,0,0,243.0,789.1,6.3,0.0,63.5,5,0,1809.7,69.09,71.42,231.5,242.0,255.1,794.8,528.2,1072.2,megapod:4 redis-cart:1,0,0,48000,megapod:4 redis-cart:1,no,0,0,0,0,0,1,0,756.0,0.0,6.300,8
10,normal,350,349.6,265,0,408.9,1561.0,6.3,0.0,55.5,41,0,1682.5,113.64,67.93,369.9,377.3,493.2,1097.8,1094.0,1813.7,adservice:4 cartservice:4 checkoutservice:4 currencyservice:4 emailservice:4 frontend:4 paymentservice:4 productcatalogservice:4 recommendationservice:4 redis-cart:1 shippingservice:4,0,42,41958,adservice:4 cartservice:4 checkoutservice:4 currencyservice:4 emailservice:4 frontend:4 paymentservice:4 productcatalogservice:4 recommendationservice:4 redis-cart:1 shippingservice:4,no,0,0,0,0,0,1,0,756.0,0.0,6.300,8
10,normal,400,355.2,7633,0,2863.2,12464.2,6.3,0.0,56.4,41,0,1652.8,109.24,64.32,1941.2,1963.1,5085.9,6041.1,6275.0,17663.7,adservice:4 cartservice:4 checkoutservice:4 currencyservice:4 emailservice:3 frontend:4 paymentservice:4 productcatalogservice:4 recommendationservice:4 redis-cart:1 shippingservice:4,0,5371,42629,adservice:4 cartservice:4 checkoutservice:4 currencyservice:4 emailservice:4 frontend:4 paymentservice:4 productcatalogservice:4 recommendationservice:2 redis-cart:1 shippingservice:4,yes,0,0,0,0,0,1,0,756.0,0.0,6.300,8
10,frontrecocatalog,350,350.0,0,0,114.2,1212.2,6.3,0.0,55.6,33,0,1660.6,91.76,65.89,76.1,83.6,237.9,832.1,422.8,1490.8,adservice:4 cartservice:4 checkoutservice:4 currencyservice:4 emailservice:4 frontend:4 paymentservice:4 redis-cart:1 shippingservice:4,0,0,42001,adservice:4 cartservice:4 checkoutservice:4 currencyservice:4 emailservice:4 frontend:4 paymentservice:4 redis-cart:1 shippingservice:4,no,0,0,0,0,0,1,0,756.0,0.0,6.300,8
10,frontrecocatalog,400,399.5,252,0,388.1,1767.4,6.3,0.0,63.4,33,0,1784.1,94.49,72.85,254.0,268.4,892.0,892.7,704.5,2037.3,adservice:4 cartservice:4 checkoutservice:4 currencyservice:4 emailservice:4 frontend:4 paymentservice:4 redis-cart:1 shippingservice:4,0,60,47940,adservice:4 cartservice:4 checkoutservice:4 currencyservice:4 emailservice:4 frontend:4 paymentservice:4 redis-cart:1 shippingservice:4,no,0,0,0,0,0,1,0,756.0,0.0,6.300,8
10,mega,350,350,0,0,57.9,611.4,6.3,0.0,55.6,5,0,1709.2,67.64,66.57,52.0,56.4,65.4,780.7,415.2,517.1,megapod:4 redis-cart:1,0,0,42000,megapod:4 redis-cart:1,no,0,0,0,0,0,1,0,756.0,0.0,6.300,8
10,mega,400,400.0,0,0,234.5,783.2,6.3,0.0,63.5,5,0,1817.7,68.85,72.51,224.2,232.8,247.0,815.1,518.9,1123.3,megapod:4 redis-cart:1,0,0,48001,megapod:4 redis-cart:1,no,0,0,0,0,0,1,0,756.0,0.0,6.300,8
11,normal,350,334.1,3113,0,2102.7,6489.4,6.3,0.0,53.0,41,0,1516.4,108.6,65.7,2065.7,1943.7,2209.2,5425.5,5425.9,8026.6,adservice:4 cartservice:4 checkoutservice:4 currencyservice:4 emailservice:4 frontend:4 paymentservice:4 productcatalogservice:4 recommendationservice:4 redis-cart:1 shippingservice:4,0,1903,40097,adservice:4 cartservice:4 checkoutservice:4 currencyservice:4 emailservice:4 frontend:4 paymentservice:4 productcatalogservice:4 recommendationservice:3 redis-cart:1 shippingservice:4,yes,0,0,0,0,0,1,0,756.0,0.0,6.300,8
11,normal,400,377.3,7967,0,2713.0,7863.0,6.3,0.0,59.9,41,0,1651.5,110.33,68.98,2524.0,2590.3,3275.0,5820.2,5775.4,8979.6,adservice:4 cartservice:4 checkoutservice:4 currencyservice:4 emailservice:4 frontend:4 paymentservice:4 productcatalogservice:4 recommendationservice:4 redis-cart:1 shippingservice:4,0,2725,45275,adservice:4 cartservice:4 checkoutservice:4 currencyservice:4 emailservice:4 frontend:4 paymentservice:4 productcatalogservice:4 recommendationservice:2 redis-cart:1 shippingservice:4,yes,0,0,0,0,0,1,0,756.0,0.0,6.300,8
11,frontrecocatalog,350,350.0,78,0,71.2,859.0,6.3,0.0,55.6,33,0,1642.2,92.46,59.04,56.4,61.1,98.7,761.3,396.2,1073.0,adservice:4 cartservice:4 checkoutservice:4 currencyservice:4 emailservice:4 frontend:4 paymentservice:4 redis-cart:1 shippingservice:4,0,0,42001,adservice:4 cartservice:4 checkoutservice:4 currencyservice:4 emailservice:4 frontend:4 paymentservice:4 redis-cart:1 shippingservice:4,no,0,0,0,0,0,1,0,756.0,0.0,6.300,8
11,frontrecocatalog,400,398.6,174,0,219.0,1323.2,6.3,0.0,63.3,33,0,1761.2,92.79,61.44,195.6,202.5,264.5,788.1,528.5,1671.3,adservice:4 cartservice:4 checkoutservice:4 currencyservice:4 emailservice:4 frontend:4 paymentservice:4 redis-cart:1 shippingservice:4,0,163,47837,adservice:4 cartservice:4 checkoutservice:4 currencyservice:4 emailservice:4 frontend:4 paymentservice:4 redis-cart:1 shippingservice:4,no,0,0,0,0,0,1,0,756.0,0.0,6.300,8
11,mega,350,350.0,0,0,54.7,702.9,6.3,0.0,55.6,5,0,1609.7,64.56,60.89,48.8,53.3,61.6,802.0,449.9,694.5,megapod:4 redis-cart:1,0,0,42001,megapod:4 redis-cart:1,no,0,0,0,0,0,1,0,756.0,0.0,6.300,8
11,mega,400,400.0,0,0,262.2,812.6,6.3,0.0,63.5,5,0,1768.8,65.65,71.92,249.7,261.6,276.3,788.8,531.9,1116.1,megapod:4 redis-cart:1,0,0,48001,megapod:4 redis-cart:1,no,0,0,0,0,0,1,0,756.0,0.0,6.300,8
12,normal,350,319.1,6329,0,4133.3,5364.8,6.3,0.0,50.7,41,0,1547.0,109.35,63.87,4108.5,4088.2,4206.0,5223.1,5046.3,7532.8,adservice:4 cartservice:4 checkoutservice:4 currencyservice:4 emailservice:4 frontend:4 paymentservice:4 productcatalogservice:4 recommendationservice:3 redis-cart:1 shippingservice:4,0,3708,38292,adservice:4 cartservice:4 checkoutservice:4 currencyservice:4 emailservice:4 frontend:4 paymentservice:4 productcatalogservice:4 recommendationservice:2 redis-cart:1 shippingservice:4,yes,0,0,0,0,0,1,0,756.0,0.0,6.300,8
12,normal,400,330.7,14498,0,2984.6,6875.7,6.3,0.0,52.5,41,0,1523.3,110.64,57.05,2963.0,2686.1,3318.9,6838.8,6803.5,7146.5,adservice:4 cartservice:4 checkoutservice:4 currencyservice:4 emailservice:4 frontend:4 paymentservice:4 productcatalogservice:4 recommendationservice:4 redis-cart:1 shippingservice:4,0,8314,39686,adservice:4 cartservice:4 checkoutservice:4 currencyservice:4 emailservice:4 frontend:4 paymentservice:4 productcatalogservice:4 recommendationservice:2 redis-cart:1 shippingservice:4,yes,0,0,0,0,0,1,0,756.0,0.0,6.300,8
12,frontrecocatalog,350,350.0,1575,0,59.2,893.9,6.3,0.0,55.6,33,0,1601.1,92.79,66.58,38.1,44.4,175.6,741.9,356.1,1085.4,adservice:4 cartservice:4 checkoutservice:4 currencyservice:4 emailservice:4 frontend:4 paymentservice:4 redis-cart:1 shippingservice:4,0,0,42001,adservice:4 cartservice:4 checkoutservice:4 currencyservice:4 emailservice:4 frontend:4 paymentservice:4 redis-cart:1 shippingservice:4,no,0,0,0,0,0,1,0,756.0,0.0,6.300,8
12,frontrecocatalog,400,399.7,35,0,217.6,1134.2,6.3,0.0,63.4,33,0,1559.0,81.91,66.11,137.9,157.2,753.8,865.6,505.8,1224.2,adservice:4 cartservice:4 checkoutservice:4 currencyservice:4 emailservice:4 frontend:4 paymentservice:4 redis-cart:1 shippingservice:4,0,35,47965,adservice:4 cartservice:4 checkoutservice:4 currencyservice:4 emailservice:4 frontend:4 paymentservice:4 redis-cart:1 shippingservice:4,no,0,0,0,0,0,1,0,756.0,0.0,6.300,8
12,mega,350,350.0,0,0,50.9,561.5,6.3,0.0,55.6,5,0,1700.7,68.31,66.92,45.2,49.3,57.8,728.1,407.5,469.9,megapod:4 redis-cart:1,0,0,42001,megapod:4 redis-cart:1,no,0,0,0,0,0,1,0,756.0,0.0,6.300,8
12,mega,400,399.8,20,0,324.3,943.5,6.3,0.0,63.5,5,0,1813.2,68.49,71.18,310.8,324.0,339.1,833.0,567.1,1229.6,megapod:4 redis-cart:1,0,19,47981,megapod:4 redis-cart:1,no,0,0,0,0,0,1,0,756.0,0.0,6.300,8
