cycle,arm,target_rate,limit_x,browse_rate,t_rel,deploy,container,hpa_util_pct,current_replicas,desired_replicas,ready_replicas,pending_pods,ns_running_cores,ns_pending_cores
1,normal,100,0,0,0,adservice,server,1,3,3,3,0,11.001,0.0
1,normal,100,0,0,0,cartservice,server,4,3,3,3,0,11.001,0.0
1,normal,100,0,0,0,checkoutservice,checkout,0,3,3,3,0,11.001,0.0
1,normal,100,0,0,0,currencyservice,server,0,3,3,3,0,11.001,0.0
1,normal,100,0,0,0,emailservice,email,1,3,3,3,0,11.001,0.0
1,normal,100,0,0,0,frontend,server,0,3,3,3,0,11.001,0.0
1,normal,100,0,0,0,paymentservice,payment,0,3,3,3,0,11.001,0.0
1,normal,100,0,0,0,productcatalogservice,server,0,3,3,3,0,11.001,0.0
1,normal,100,0,0,0,recommendationservice,-,,,0,3,0,11.001,0.0
1,normal,100,0,0,0,redis-cart,-,,1,1,1,0,11.001,0.0
1,normal,100,0,0,0,shippingservice,-,,,0,3,0,11.001,0.0
1,normal,100,0,0,16,adservice,server,6,3,3,3,0,11.001,0.0
1,normal,100,0,0,16,cartservice,server,147,3,3,3,0,11.001,0.0
1,normal,100,0,0,16,checkoutservice,checkout,7,3,3,3,0,11.001,0.0
1,normal,100,0,0,16,currencyservice,server,14,3,3,3,0,11.001,0.0
1,normal,100,0,0,16,emailservice,email,8,3,3,3,0,11.001,0.0
1,normal,100,0,0,16,frontend,server,22,3,3,3,0,11.001,0.0
1,normal,100,0,0,16,paymentservice,payment,5,3,3,3,0,11.001,0.0
1,normal,100,0,0,16,productcatalogservice,server,32,3,3,3,0,11.001,0.0
1,normal,100,0,0,16,recommendationservice,server,32,3,3,3,0,11.001,0.0
1,normal,100,0,0,16,redis-cart,-,,1,1,1,0,11.001,0.0
1,normal,100,0,0,16,shippingservice,server,0,3,3,3,0,11.001,0.0
1,normal,100,0,0,31,adservice,server,33,3,3,3,0,11.481,0.0
1,normal,100,0,0,31,cartservice,server,141,3,7,3,0,11.481,0.0
1,normal,100,0,0,31,checkoutservice,checkout,8,3,3,3,0,11.481,0.0
1,normal,100,0,0,31,currencyservice,server,26,3,3,3,0,11.481,0.0
1,normal,100,0,0,31,emailservice,email,17,3,3,3,0,11.481,0.0
1,normal,100,0,0,31,frontend,server,78,3,3,3,0,11.481,0.0
1,normal,100,0,0,31,paymentservice,payment,20,3,3,3,0,11.481,0.0
1,normal,100,0,0,31,productcatalogservice,server,59,3,3,3,0,11.481,0.0
1,normal,100,0,0,31,recommendationservice,server,53,3,3,3,0,11.481,0.0
1,normal,100,0,0,31,redis-cart,-,,1,1,1,0,11.481,0.0
1,normal,100,0,0,31,shippingservice,server,8,3,3,3,0,11.481,0.0
1,normal,100,0,0,46,adservice,server,33,3,3,3,0,11.84,0.0
1,normal,100,0,0,46,cartservice,server,94,7,7,3,0,11.84,0.0
1,normal,100,0,0,46,checkoutservice,checkout,10,3,3,3,0,11.84,0.0
1,normal,100,0,0,46,currencyservice,server,20,3,3,3,0,11.84,0.0
1,normal,100,0,0,46,emailservice,email,16,3,3,3,0,11.84,0.0
1,normal,100,0,0,46,frontend,server,77,3,4,3,0,11.84,0.0
1,normal,100,0,0,46,paymentservice,payment,16,3,3,3,0,11.84,0.0
1,normal,100,0,0,46,productcatalogservice,server,75,3,3,3,0,11.84,0.0
1,normal,100,0,0,46,recommendationservice,server,70,3,3,3,0,11.84,0.0
1,normal,100,0,0,46,redis-cart,-,,1,1,1,0,11.84,0.0
1,normal,100,0,0,46,shippingservice,server,11,3,3,3,0,11.84,0.0
1,normal,100,0,0,61,adservice,server,22,3,2,2,0,9.3,0.0
1,normal,100,0,0,61,cartservice,server,93,7,7,7,0,9.3,0.0
1,normal,100,0,0,61,checkoutservice,checkout,10,3,1,1,0,9.3,0.0
1,normal,100,0,0,61,currencyservice,server,19,3,2,2,0,9.3,0.0
1,normal,100,0,0,61,emailservice,email,16,3,1,1,0,9.3,0.0
1,normal,100,0,0,61,frontend,server,77,4,4,4,0,9.3,0.0
1,normal,100,0,0,61,paymentservice,payment,16,3,1,1,0,9.3,0.0
1,normal,100,0,0,61,productcatalogservice,server,71,3,3,3,0,9.3,0.0
1,normal,100,0,0,61,recommendationservice,server,70,3,3,3,0,9.3,0.0
1,normal,100,0,0,61,redis-cart,-,,1,1,1,0,9.3,0.0
1,normal,100,0,0,61,shippingservice,server,10,3,1,1,0,9.3,0.0
1,normal,100,0,0,77,adservice,server,19,2,2,2,0,7.7,0.0
1,normal,100,0,0,77,cartservice,server,67,7,7,7,0,7.7,0.0
1,normal,100,0,0,77,checkoutservice,checkout,21,1,1,1,0,7.7,0.0
1,normal,100,0,0,77,currencyservice,server,14,2,2,2,0,7.7,0.0
1,normal,100,0,0,77,emailservice,email,17,1,1,1,0,7.7,0.0
1,normal,100,0,0,77,frontend,server,75,4,4,4,0,7.7,0.0
1,normal,100,0,0,77,paymentservice,payment,17,1,1,1,0,7.7,0.0
1,normal,100,0,0,77,productcatalogservice,server,72,3,3,3,0,7.7,0.0
1,normal,100,0,0,77,recommendationservice,server,73,3,3,3,0,7.7,0.0
1,normal,100,0,0,77,redis-cart,-,,1,1,1,0,7.7,0.0
1,normal,100,0,0,77,shippingservice,server,25,1,1,1,0,7.7,0.0
1,normal,100,0,0,92,adservice,server,16,2,2,2,0,7.7,0.0
1,normal,100,0,0,92,cartservice,server,40,7,7,7,0,7.7,0.0
1,normal,100,0,0,92,checkoutservice,checkout,30,1,1,1,0,7.7,0.0
1,normal,100,0,0,92,currencyservice,server,22,2,1,1,0,7.7,0.0
1,normal,100,0,0,92,emailservice,email,47,1,1,1,0,7.7,0.0
1,normal,100,0,0,92,frontend,server,56,4,4,4,0,7.7,0.0
1,normal,100,0,0,92,paymentservice,payment,30,1,1,1,0,7.7,0.0
1,normal,100,0,0,92,productcatalogservice,server,70,3,3,3,0,7.7,0.0
1,normal,100,0,0,92,recommendationservice,server,65,3,3,3,0,7.7,0.0
1,normal,100,0,0,92,redis-cart,-,,1,1,1,0,7.7,0.0
1,normal,100,0,0,92,shippingservice,server,31,1,1,1,0,7.7,0.0
1,normal,100,0,0,107,adservice,server,28,2,1,1,0,6.6,0.0
1,normal,100,0,0,107,cartservice,server,40,7,7,7,0,6.6,0.0
1,normal,100,0,0,107,checkoutservice,checkout,28,1,1,1,0,6.6,0.0
1,normal,100,0,0,107,currencyservice,server,13,1,1,1,0,6.6,0.0
1,normal,100,0,0,107,emailservice,email,47,1,1,1,0,6.6,0.0
1,normal,100,0,0,107,frontend,server,56,4,4,4,0,6.6,0.0
1,normal,100,0,0,107,paymentservice,payment,35,1,1,1,0,6.6,0.0
1,normal,100,0,0,107,productcatalogservice,server,70,3,3,3,0,6.6,0.0
1,normal,100,0,0,107,recommendationservice,server,70,3,3,3,0,6.6,0.0
1,normal,100,0,0,107,redis-cart,-,,1,1,1,0,6.6,0.0
1,normal,100,0,0,107,shippingservice,server,30,1,1,1,0,6.6,0.0
1,normal,100,0,0,122,adservice,server,18,1,1,1,0,6.6,0.0
1,normal,100,0,0,122,cartservice,server,37,7,7,7,0,6.6,0.0
1,normal,100,0,0,122,checkoutservice,checkout,29,1,1,1,0,6.6,0.0
1,normal,100,0,0,122,currencyservice,server,34,1,1,1,0,6.6,0.0
1,normal,100,0,0,122,emailservice,email,47,1,1,1,0,6.6,0.0
1,normal,100,0,0,122,frontend,server,55,4,4,4,0,6.6,0.0
1,normal,100,0,0,122,paymentservice,payment,34,1,1,1,0,6.6,0.0
1,normal,100,0,0,122,productcatalogservice,server,71,3,3,3,0,6.6,0.0
1,normal,100,0,0,122,recommendationservice,server,67,3,3,3,0,6.6,0.0
1,normal,100,0,0,122,redis-cart,-,,1,1,1,0,6.6,0.0
1,normal,100,0,0,122,shippingservice,server,31,1,1,1,0,6.6,0.0
1,normal,100,0,0,138,adservice,server,33,1,1,1,0,6.24,0.0
1,normal,100,0,0,138,cartservice,server,37,7,4,4,0,6.24,0.0
1,normal,100,0,0,138,checkoutservice,checkout,29,1,1,1,0,6.24,0.0
1,normal,100,0,0,138,currencyservice,server,50,1,1,1,0,6.24,0.0
1,normal,100,0,0,138,emailservice,email,47,1,1,1,0,6.24,0.0
1,normal,100,0,0,138,frontend,server,55,4,4,4,0,6.24,0.0
1,normal,100,0,0,138,paymentservice,payment,37,1,1,1,0,6.24,0.0
1,normal,100,0,0,138,productcatalogservice,server,67,3,3,3,0,6.24,0.0
1,normal,100,0,0,138,recommendationservice,server,68,3,3,3,0,6.24,0.0
1,normal,100,0,0,138,redis-cart,-,,1,1,1,0,6.24,0.0
1,normal,100,0,0,138,shippingservice,server,31,1,1,1,0,6.24,0.0
1,normal,100,0,0,153,adservice,server,36,1,1,1,0,6.24,0.0
1,normal,100,0,0,153,cartservice,server,62,4,4,4,0,6.24,0.0
1,normal,100,0,0,153,checkoutservice,checkout,28,1,1,1,0,6.24,0.0
1,normal,100,0,0,153,currencyservice,server,49,1,1,1,0,6.24,0.0
1,normal,100,0,0,153,emailservice,email,47,1,1,1,0,6.24,0.0
1,normal,100,0,0,153,frontend,server,53,4,4,4,0,6.24,0.0
1,normal,100,0,0,153,paymentservice,payment,32,1,1,1,0,6.24,0.0
1,normal,100,0,0,153,productcatalogservice,server,72,3,3,3,0,6.24,0.0
1,normal,100,0,0,153,recommendationservice,server,67,3,3,3,0,6.24,0.0
1,normal,100,0,0,153,redis-cart,-,,1,1,1,0,6.24,0.0
1,normal,100,0,0,153,shippingservice,server,30,1,1,1,0,6.24,0.0
1,normal,100,0,0,168,adservice,server,17,1,1,1,0,6.24,0.0
1,normal,100,0,0,168,cartservice,server,70,4,4,4,0,6.24,0.0
1,normal,100,0,0,168,checkoutservice,checkout,28,1,1,1,0,6.24,0.0
1,normal,100,0,0,168,currencyservice,server,48,1,1,1,0,6.24,0.0
1,normal,100,0,0,168,emailservice,email,46,1,1,1,0,6.24,0.0
1,normal,100,0,0,168,frontend,server,56,4,4,4,0,6.24,0.0
1,normal,100,0,0,168,paymentservice,payment,34,1,1,1,0,6.24,0.0
1,normal,100,0,0,168,productcatalogservice,server,71,3,3,3,0,6.24,0.0
1,normal,100,0,0,168,recommendationservice,server,66,3,3,3,0,6.24,0.0
1,normal,100,0,0,168,redis-cart,-,,1,1,1,0,6.24,0.0
1,normal,100,0,0,168,shippingservice,server,30,1,1,1,0,6.24,0.0
1,normal,100,0,0,183,adservice,server,18,1,1,1,0,6.24,0.0
1,normal,100,0,0,183,cartservice,server,67,4,4,4,0,6.24,0.0
1,normal,100,0,0,183,checkoutservice,checkout,28,1,1,1,0,6.24,0.0
1,normal,100,0,0,183,currencyservice,server,49,1,1,1,0,6.24,0.0
1,normal,100,0,0,183,emailservice,email,46,1,1,1,0,6.24,0.0
1,normal,100,0,0,183,frontend,server,54,4,4,4,0,6.24,0.0
1,normal,100,0,0,183,paymentservice,payment,34,1,1,1,0,6.24,0.0
1,normal,100,0,0,183,productcatalogservice,server,68,3,3,3,0,6.24,0.0
1,normal,100,0,0,183,recommendationservice,server,66,3,3,3,0,6.24,0.0
1,normal,100,0,0,183,redis-cart,-,,1,1,1,0,6.24,0.0
1,normal,100,0,0,183,shippingservice,server,30,1,1,1,0,6.24,0.0
1,normal,100,0,0,198,adservice,server,20,1,1,1,0,6.24,0.0
1,normal,100,0,0,198,cartservice,server,63,4,4,4,0,6.24,0.0
1,normal,100,0,0,198,checkoutservice,checkout,28,1,1,1,0,6.24,0.0
1,normal,100,0,0,198,currencyservice,server,49,1,1,1,0,6.24,0.0
1,normal,100,0,0,198,emailservice,email,46,1,1,1,0,6.24,0.0
1,normal,100,0,0,198,frontend,server,56,4,4,4,0,6.24,0.0
1,normal,100,0,0,198,paymentservice,payment,34,1,1,1,0,6.24,0.0
1,normal,100,0,0,198,productcatalogservice,server,69,3,3,3,0,6.24,0.0
1,normal,100,0,0,198,recommendationservice,server,68,3,3,3,0,6.24,0.0
1,normal,100,0,0,198,redis-cart,-,,1,1,1,0,6.24,0.0
1,normal,100,0,0,198,shippingservice,server,28,1,1,1,0,6.24,0.0
1,normal,100,0,0,214,adservice,server,16,1,1,1,0,6.24,0.0
1,normal,100,0,0,214,cartservice,server,66,4,4,4,0,6.24,0.0
1,normal,100,0,0,214,checkoutservice,checkout,29,1,1,1,0,6.24,0.0
1,normal,100,0,0,214,currencyservice,server,50,1,1,1,0,6.24,0.0
1,normal,100,0,0,214,emailservice,email,46,1,1,1,0,6.24,0.0
1,normal,100,0,0,214,frontend,server,54,4,4,4,0,6.24,0.0
1,normal,100,0,0,214,paymentservice,payment,34,1,1,1,0,6.24,0.0
1,normal,100,0,0,214,productcatalogservice,server,69,3,3,3,0,6.24,0.0
1,normal,100,0,0,214,recommendationservice,server,67,3,3,3,0,6.24,0.0
1,normal,100,0,0,214,redis-cart,-,,1,1,1,0,6.24,0.0
1,normal,100,0,0,214,shippingservice,server,31,1,1,1,0,6.24,0.0
1,normal,100,0,0,229,adservice,server,15,1,1,1,0,6.24,0.0
1,normal,100,0,0,229,cartservice,server,58,4,4,4,0,6.24,0.0
1,normal,100,0,0,229,checkoutservice,checkout,28,1,1,1,0,6.24,0.0
1,normal,100,0,0,229,currencyservice,server,48,1,1,1,0,6.24,0.0
1,normal,100,0,0,229,emailservice,email,46,1,1,1,0,6.24,0.0
1,normal,100,0,0,229,frontend,server,55,4,4,4,0,6.24,0.0
1,normal,100,0,0,229,paymentservice,payment,34,1,1,1,0,6.24,0.0
1,normal,100,0,0,229,productcatalogservice,server,68,3,3,3,0,6.24,0.0
1,normal,100,0,0,229,recommendationservice,server,65,3,3,3,0,6.24,0.0
1,normal,100,0,0,229,redis-cart,-,,1,1,1,0,6.24,0.0
1,normal,100,0,0,229,shippingservice,server,30,1,1,1,0,6.24,0.0
1,normal,100,0,0,244,adservice,server,15,1,1,1,0,6.24,0.0
1,normal,100,0,0,244,cartservice,server,58,4,4,4,0,6.24,0.0
1,normal,100,0,0,244,checkoutservice,checkout,28,1,1,1,0,6.24,0.0
1,normal,100,0,0,244,currencyservice,server,49,1,1,1,0,6.24,0.0
1,normal,100,0,0,244,emailservice,email,46,1,1,1,0,6.24,0.0
1,normal,100,0,0,244,frontend,server,55,4,4,4,0,6.24,0.0
1,normal,100,0,0,244,paymentservice,payment,33,1,1,1,0,6.24,0.0
1,normal,100,0,0,244,productcatalogservice,server,69,3,3,3,0,6.24,0.0
1,normal,100,0,0,244,recommendationservice,server,71,3,3,3,0,6.24,0.0
1,normal,100,0,0,244,redis-cart,-,,1,1,1,0,6.24,0.0
1,normal,100,0,0,244,shippingservice,server,30,1,1,1,0,6.24,0.0
1,normal,100,0,0,259,adservice,server,14,1,1,1,0,6.24,0.0
1,normal,100,0,0,259,cartservice,server,62,4,4,4,0,6.24,0.0
1,normal,100,0,0,259,checkoutservice,checkout,28,1,1,1,0,6.24,0.0
1,normal,100,0,0,259,currencyservice,server,48,1,1,1,0,6.24,0.0
1,normal,100,0,0,259,emailservice,email,46,1,1,1,0,6.24,0.0
1,normal,100,0,0,259,frontend,server,54,4,4,4,0,6.24,0.0
1,normal,100,0,0,259,paymentservice,payment,33,1,1,1,0,6.24,0.0
1,normal,100,0,0,259,productcatalogservice,server,67,3,3,3,0,6.24,0.0
1,normal,100,0,0,259,recommendationservice,server,65,3,3,3,0,6.24,0.0
1,normal,100,0,0,259,redis-cart,-,,1,1,1,0,6.24,0.0
1,normal,100,0,0,259,shippingservice,server,30,1,1,1,0,6.24,0.0
1,normal,100,0,0,275,adservice,server,19,1,1,1,0,6.24,0.0
1,normal,100,0,0,275,cartservice,server,63,4,4,4,0,6.24,0.0
1,normal,100,0,0,275,checkoutservice,checkout,27,1,1,1,0,6.24,0.0
1,normal,100,0,0,275,currencyservice,server,50,1,1,1,0,6.24,0.0
1,normal,100,0,0,275,emailservice,email,47,1,1,1,0,6.24,0.0
1,normal,100,0,0,275,frontend,server,55,4,4,4,0,6.24,0.0
1,normal,100,0,0,275,paymentservice,payment,33,1,1,1,0,6.24,0.0
1,normal,100,0,0,275,productcatalogservice,server,71,3,3,3,0,6.24,0.0
1,normal,100,0,0,275,recommendationservice,server,71,3,3,3,0,6.24,0.0
1,normal,100,0,0,275,redis-cart,-,,1,1,1,0,6.24,0.0
1,normal,100,0,0,275,shippingservice,server,30,1,1,1,0,6.24,0.0
1,normal,100,0,0,290,adservice,server,13,1,1,1,0,6.24,0.0
1,normal,100,0,0,290,cartservice,server,58,4,4,4,0,6.24,0.0
1,normal,100,0,0,290,checkoutservice,checkout,28,1,1,1,0,6.24,0.0
1,normal,100,0,0,290,currencyservice,server,50,1,1,1,0,6.24,0.0
1,normal,100,0,0,290,emailservice,email,46,1,1,1,0,6.24,0.0
1,normal,100,0,0,290,frontend,server,54,4,4,4,0,6.24,0.0
1,normal,100,0,0,290,paymentservice,payment,33,1,1,1,0,6.24,0.0
1,normal,100,0,0,290,productcatalogservice,server,68,3,3,3,0,6.24,0.0
1,normal,100,0,0,290,recommendationservice,server,66,3,3,3,0,6.24,0.0
1,normal,100,0,0,290,redis-cart,-,,1,1,1,0,6.24,0.0
1,normal,100,0,0,290,shippingservice,server,30,1,1,1,0,6.24,0.0
1,normal,100,0,0,305,adservice,server,12,1,1,1,0,6.24,0.0
1,normal,100,0,0,305,cartservice,server,67,4,4,4,0,6.24,0.0
1,normal,100,0,0,305,checkoutservice,checkout,28,1,1,1,0,6.24,0.0
1,normal,100,0,0,305,currencyservice,server,49,1,1,1,0,6.24,0.0
1,normal,100,0,0,305,emailservice,email,46,1,1,1,0,6.24,0.0
1,normal,100,0,0,305,frontend,server,53,4,4,4,0,6.24,0.0
1,normal,100,0,0,305,paymentservice,payment,34,1,1,1,0,6.24,0.0
1,normal,100,0,0,305,productcatalogservice,server,69,3,3,3,0,6.24,0.0
1,normal,100,0,0,305,recommendationservice,server,66,3,3,3,0,6.24,0.0
1,normal,100,0,0,305,redis-cart,-,,1,1,1,0,6.24,0.0
1,normal,100,0,0,305,shippingservice,server,30,1,1,1,0,6.24,0.0
1,normal,100,0,0,320,adservice,server,12,1,1,1,0,6.24,0.0
1,normal,100,0,0,320,cartservice,server,60,4,4,4,0,6.24,0.0
1,normal,100,0,0,320,checkoutservice,checkout,28,1,1,1,0,6.24,0.0
1,normal,100,0,0,320,currencyservice,server,49,1,1,1,0,6.24,0.0
1,normal,100,0,0,320,emailservice,email,46,1,1,1,0,6.24,0.0
1,normal,100,0,0,320,frontend,server,56,4,4,4,0,6.24,0.0
1,normal,100,0,0,320,paymentservice,payment,33,1,1,1,0,6.24,0.0
1,normal,100,0,0,320,productcatalogservice,server,69,3,3,3,0,6.24,0.0
1,normal,100,0,0,320,recommendationservice,server,69,3,3,3,0,6.24,0.0
1,normal,100,0,0,320,redis-cart,-,,1,1,1,0,6.24,0.0
1,normal,100,0,0,320,shippingservice,server,30,1,1,1,0,6.24,0.0
1,normal,100,0,0,336,adservice,server,12,1,1,1,0,6.24,0.0
1,normal,100,0,0,336,cartservice,server,62,4,4,4,0,6.24,0.0
1,normal,100,0,0,336,checkoutservice,checkout,28,1,1,1,0,6.24,0.0
1,normal,100,0,0,336,currencyservice,server,49,1,1,1,0,6.24,0.0
1,normal,100,0,0,336,emailservice,email,46,1,1,1,0,6.24,0.0
1,normal,100,0,0,336,frontend,server,54,4,4,4,0,6.24,0.0
1,normal,100,0,0,336,paymentservice,payment,33,1,1,1,0,6.24,0.0
1,normal,100,0,0,336,productcatalogservice,server,71,3,3,3,0,6.24,0.0
1,normal,100,0,0,336,recommendationservice,server,67,3,3,3,0,6.24,0.0
1,normal,100,0,0,336,redis-cart,-,,1,1,1,0,6.24,0.0
1,normal,100,0,0,336,shippingservice,server,29,1,1,1,0,6.24,0.0
1,normal,100,0,0,351,adservice,server,12,1,1,1,0,6.24,0.0
1,normal,100,0,0,351,cartservice,server,61,4,4,4,0,6.24,0.0
1,normal,100,0,0,351,checkoutservice,checkout,28,1,1,1,0,6.24,0.0
1,normal,100,0,0,351,currencyservice,server,49,1,1,1,0,6.24,0.0
1,normal,100,0,0,351,emailservice,email,46,1,1,1,0,6.24,0.0
1,normal,100,0,0,351,frontend,server,57,4,4,4,0,6.24,0.0
1,normal,100,0,0,351,paymentservice,payment,35,1,1,1,0,6.24,0.0
1,normal,100,0,0,351,productcatalogservice,server,65,3,3,3,0,6.24,0.0
1,normal,100,0,0,351,recommendationservice,server,67,3,3,3,0,6.24,0.0
1,normal,100,0,0,351,redis-cart,-,,1,1,1,0,6.24,0.0
1,normal,100,0,0,351,shippingservice,server,30,1,1,1,0,6.24,0.0
1,normal,100,0,0,366,adservice,server,14,1,1,1,0,6.24,0.0
1,normal,100,0,0,366,cartservice,server,65,4,4,4,0,6.24,0.0
1,normal,100,0,0,366,checkoutservice,checkout,28,1,1,1,0,6.24,0.0
1,normal,100,0,0,366,currencyservice,server,49,1,1,1,0,6.24,0.0
1,normal,100,0,0,366,emailservice,email,45,1,1,1,0,6.24,0.0
1,normal,100,0,0,366,frontend,server,52,4,4,4,0,6.24,0.0
1,normal,100,0,0,366,paymentservice,payment,34,1,1,1,0,6.24,0.0
1,normal,100,0,0,366,productcatalogservice,server,67,3,3,3,0,6.24,0.0
1,normal,100,0,0,366,recommendationservice,server,63,3,3,3,0,6.24,0.0
1,normal,100,0,0,366,redis-cart,-,,1,1,1,0,6.24,0.0
1,normal,100,0,0,366,shippingservice,server,30,1,1,1,0,6.24,0.0
1,normal,100,0,0,381,adservice,server,14,1,1,1,0,6.24,0.0
1,normal,100,0,0,381,cartservice,server,70,4,4,4,0,6.24,0.0
1,normal,100,0,0,381,checkoutservice,checkout,28,1,1,1,0,6.24,0.0
1,normal,100,0,0,381,currencyservice,server,49,1,1,1,0,6.24,0.0
1,normal,100,0,0,381,emailservice,email,45,1,1,1,0,6.24,0.0
1,normal,100,0,0,381,frontend,server,55,4,4,4,0,6.24,0.0
1,normal,100,0,0,381,paymentservice,payment,33,1,1,1,0,6.24,0.0
1,normal,100,0,0,381,productcatalogservice,server,68,3,3,3,0,6.24,0.0
1,normal,100,0,0,381,recommendationservice,server,65,3,3,3,0,6.24,0.0
1,normal,100,0,0,381,redis-cart,-,,1,1,1,0,6.24,0.0
1,normal,100,0,0,381,shippingservice,server,30,1,1,1,0,6.24,0.0
1,normal,100,0,0,396,adservice,server,13,1,1,1,0,6.24,0.0
1,normal,100,0,0,396,cartservice,server,68,4,4,4,0,6.24,0.0
1,normal,100,0,0,396,checkoutservice,checkout,28,1,1,1,0,6.24,0.0
1,normal,100,0,0,396,currencyservice,server,49,1,1,1,0,6.24,0.0
1,normal,100,0,0,396,emailservice,email,45,1,1,1,0,6.24,0.0
1,normal,100,0,0,396,frontend,server,52,4,4,4,0,6.24,0.0
1,normal,100,0,0,396,paymentservice,payment,34,1,1,1,0,6.24,0.0
1,normal,100,0,0,396,productcatalogservice,server,68,3,3,3,0,6.24,0.0
1,normal,100,0,0,396,recommendationservice,server,69,3,3,3,0,6.24,0.0
1,normal,100,0,0,396,redis-cart,-,,1,1,1,0,6.24,0.0
1,normal,100,0,0,396,shippingservice,server,30,1,1,1,0,6.24,0.0
1,normal,100,0,0,412,adservice,server,12,1,1,1,0,6.24,0.0
1,normal,100,0,0,412,cartservice,server,60,4,4,4,0,6.24,0.0
1,normal,100,0,0,412,checkoutservice,checkout,28,1,1,1,0,6.24,0.0
1,normal,100,0,0,412,currencyservice,server,49,1,1,1,0,6.24,0.0
1,normal,100,0,0,412,emailservice,email,46,1,1,1,0,6.24,0.0
1,normal,100,0,0,412,frontend,server,54,4,4,4,0,6.24,0.0
1,normal,100,0,0,412,paymentservice,payment,33,1,1,1,0,6.24,0.0
1,normal,100,0,0,412,productcatalogservice,server,67,3,3,3,0,6.24,0.0
1,normal,100,0,0,412,recommendationservice,server,67,3,3,3,0,6.24,0.0
1,normal,100,0,0,412,redis-cart,-,,1,1,1,0,6.24,0.0
1,normal,100,0,0,412,shippingservice,server,30,1,1,1,0,6.24,0.0
1,normal,100,0,300,0,adservice,server,1,1,1,1,0,6.24,0.0
1,normal,100,0,300,0,cartservice,server,17,4,4,4,0,6.24,0.0
1,normal,100,0,300,0,checkoutservice,checkout,2,1,1,1,0,6.24,0.0
1,normal,100,0,300,0,currencyservice,server,27,1,1,1,0,6.24,0.0
1,normal,100,0,300,0,emailservice,email,1,1,1,1,0,6.24,0.0
1,normal,100,0,300,0,frontend,server,1,4,4,4,0,6.24,0.0
1,normal,100,0,300,0,paymentservice,payment,13,1,1,1,0,6.24,0.0
1,normal,100,0,300,0,productcatalogservice,server,10,3,3,3,0,6.24,0.0
1,normal,100,0,300,0,recommendationservice,server,4,3,3,3,0,6.24,0.0
1,normal,100,0,300,0,redis-cart,-,,1,1,1,0,6.24,0.0
1,normal,100,0,300,0,shippingservice,server,17,1,1,1,0,6.24,0.0
1,normal,100,0,300,15,adservice,server,1,1,1,1,0,6.24,0.0
1,normal,100,0,300,15,cartservice,server,39,4,4,4,0,6.24,0.0
1,normal,100,0,300,15,checkoutservice,checkout,10,1,1,1,0,6.24,0.0
1,normal,100,0,300,15,currencyservice,server,0,1,1,1,0,6.24,0.0
1,normal,100,0,300,15,emailservice,email,6,1,1,1,0,6.24,0.0
1,normal,100,0,300,15,frontend,server,1,4,4,4,0,6.24,0.0
1,normal,100,0,300,15,paymentservice,payment,0,1,1,1,0,6.24,0.0
1,normal,100,0,300,15,productcatalogservice,server,43,3,3,3,0,6.24,0.0
1,normal,100,0,300,15,recommendationservice,server,28,3,3,3,0,6.24,0.0
1,normal,100,0,300,15,redis-cart,-,,1,1,1,0,6.24,0.0
1,normal,100,0,300,15,shippingservice,server,0,1,1,1,0,6.24,0.0
1,normal,100,0,300,31,adservice,server,42,1,1,1,0,6.24,0.0
1,normal,100,0,300,31,cartservice,server,57,4,4,4,0,6.24,0.0
1,normal,100,0,300,31,checkoutservice,checkout,10,1,1,1,0,6.24,0.0
1,normal,100,0,300,31,currencyservice,server,58,1,1,1,0,6.24,0.0
1,normal,100,0,300,31,emailservice,email,51,1,1,1,0,6.24,0.0
1,normal,100,0,300,31,frontend,server,100,4,4,4,0,6.24,0.0
1,normal,100,0,300,31,paymentservice,payment,29,1,1,1,0,6.24,0.0
1,normal,100,0,300,31,productcatalogservice,server,142,3,3,3,0,6.24,0.0
1,normal,100,0,300,31,recommendationservice,server,142,3,3,3,0,6.24,0.0
1,normal,100,0,300,31,redis-cart,-,,1,1,1,0,6.24,0.0
1,normal,100,0,300,31,shippingservice,server,27,1,1,1,0,6.24,0.0
1,normal,100,0,300,46,adservice,server,48,1,1,1,0,8.609,0.0
1,normal,100,0,300,46,cartservice,server,104,4,4,4,0,8.609,0.0
1,normal,100,0,300,46,checkoutservice,checkout,34,1,1,1,0,8.609,0.0
1,normal,100,0,300,46,currencyservice,server,85,1,1,1,0,8.609,0.0
1,normal,100,0,300,46,emailservice,email,52,1,1,1,0,8.609,0.0
1,normal,100,0,300,46,frontend,server,112,4,6,4,0,8.609,0.0
1,normal,100,0,300,46,paymentservice,payment,36,1,1,1,0,8.609,0.0
1,normal,100,0,300,46,productcatalogservice,server,140,3,6,6,0,8.609,0.0
1,normal,100,0,300,46,recommendationservice,server,143,3,7,7,0,8.609,0.0
1,normal,100,0,300,46,redis-cart,-,,1,1,1,0,8.609,0.0
1,normal,100,0,300,46,shippingservice,server,34,1,1,1,0,8.609,0.0
1,normal,100,0,300,61,adservice,server,48,1,1,1,0,9.649,0.0
1,normal,100,0,300,61,cartservice,server,106,4,6,4,0,9.649,0.0
1,normal,100,0,300,61,checkoutservice,checkout,34,1,1,1,0,9.649,0.0
1,normal,100,0,300,61,currencyservice,server,84,1,2,2,0,9.649,0.0
1,normal,100,0,300,61,emailservice,email,52,1,1,1,0,9.649,0.0
1,normal,100,0,300,61,frontend,server,110,6,6,6,0,9.649,0.0
1,normal,100,0,300,61,paymentservice,payment,35,1,1,1,0,9.649,0.0
1,normal,100,0,300,61,productcatalogservice,server,138,6,6,6,0,9.649,0.0
1,normal,100,0,300,61,recommendationservice,server,143,7,7,7,0,9.649,0.0
1,normal,100,0,300,61,redis-cart,-,,1,1,1,0,9.649,0.0
1,normal,100,0,300,61,shippingservice,server,34,1,1,1,0,9.649,0.0
1,normal,100,0,300,76,adservice,server,52,1,1,1,0,9.649,0.0
1,normal,100,0,300,76,cartservice,server,96,6,6,4,0,9.649,0.0
1,normal,100,0,300,76,checkoutservice,checkout,33,1,1,1,0,9.649,0.0
1,normal,100,0,300,76,currencyservice,server,86,2,2,2,0,9.649,0.0
1,normal,100,0,300,76,emailservice,email,54,1,1,1,0,9.649,0.0
1,normal,100,0,300,76,frontend,server,116,6,6,6,0,9.649,0.0
1,normal,100,0,300,76,paymentservice,payment,39,1,1,1,0,9.649,0.0
1,normal,100,0,300,76,productcatalogservice,server,104,6,6,6,0,9.649,0.0
1,normal,100,0,300,76,recommendationservice,server,88,7,7,7,0,9.649,0.0
1,normal,100,0,300,76,redis-cart,-,,1,1,1,0,9.649,0.0
1,normal,100,0,300,76,shippingservice,server,34,1,1,1,0,9.649,0.0
1,normal,100,0,300,92,adservice,server,48,1,1,1,0,10.008,0.0
1,normal,100,0,300,92,cartservice,server,97,6,6,6,0,10.008,0.0
1,normal,100,0,300,92,checkoutservice,checkout,35,1,1,1,0,10.008,0.0
1,normal,100,0,300,92,currencyservice,server,43,2,2,2,0,10.008,0.0
1,normal,100,0,300,92,emailservice,email,52,1,1,1,0,10.008,0.0
1,normal,100,0,300,92,frontend,server,77,6,7,6,0,10.008,0.0
1,normal,100,0,300,92,paymentservice,payment,38,1,1,1,0,10.008,0.0
1,normal,100,0,300,92,productcatalogservice,server,70,6,6,6,0,10.008,0.0
1,normal,100,0,300,92,recommendationservice,server,64,7,7,7,0,10.008,0.0
1,normal,100,0,300,92,redis-cart,-,,1,1,1,0,10.008,0.0
1,normal,100,0,300,92,shippingservice,server,36,1,1,1,0,10.008,0.0
1,normal,100,0,300,107,adservice,server,47,1,1,1,0,10.008,0.0
1,normal,100,0,300,107,cartservice,server,95,6,6,6,0,10.008,0.0
1,normal,100,0,300,107,checkoutservice,checkout,33,1,1,1,0,10.008,0.0
1,normal,100,0,300,107,currencyservice,server,42,2,2,2,0,10.008,0.0
1,normal,100,0,300,107,emailservice,email,52,1,1,1,0,10.008,0.0
1,normal,100,0,300,107,frontend,server,77,7,7,7,0,10.008,0.0
1,normal,100,0,300,107,paymentservice,payment,37,1,1,1,0,10.008,0.0
1,normal,100,0,300,107,productcatalogservice,server,70,6,6,6,0,10.008,0.0
1,normal,100,0,300,107,recommendationservice,server,60,7,7,7,0,10.008,0.0
1,normal,100,0,300,107,redis-cart,-,,1,1,1,0,10.008,0.0
1,normal,100,0,300,107,shippingservice,server,34,1,1,1,0,10.008,0.0
1,normal,100,0,300,122,adservice,server,47,1,1,1,0,10.008,0.0
1,normal,100,0,300,122,cartservice,server,72,6,6,6,0,10.008,0.0
1,normal,100,0,300,122,checkoutservice,checkout,35,1,1,1,0,10.008,0.0
1,normal,100,0,300,122,currencyservice,server,43,2,2,2,0,10.008,0.0
1,normal,100,0,300,122,emailservice,email,54,1,1,1,0,10.008,0.0
1,normal,100,0,300,122,frontend,server,76,7,7,7,0,10.008,0.0
1,normal,100,0,300,122,paymentservice,payment,37,1,1,1,0,10.008,0.0
1,normal,100,0,300,122,productcatalogservice,server,70,6,6,6,0,10.008,0.0
1,normal,100,0,300,122,recommendationservice,server,62,7,7,7,0,10.008,0.0
1,normal,100,0,300,122,redis-cart,-,,1,1,1,0,10.008,0.0
1,normal,100,0,300,122,shippingservice,server,35,1,1,1,0,10.008,0.0
1,normal,100,0,300,137,adservice,server,47,1,1,1,0,10.008,0.0
1,normal,100,0,300,137,cartservice,server,81,6,6,6,0,10.008,0.0
1,normal,100,0,300,137,checkoutservice,checkout,35,1,1,1,0,10.008,0.0
1,normal,100,0,300,137,currencyservice,server,43,2,2,2,0,10.008,0.0
1,normal,100,0,300,137,emailservice,email,53,1,1,1,0,10.008,0.0
1,normal,100,0,300,137,frontend,server,64,7,7,7,0,10.008,0.0
1,normal,100,0,300,137,paymentservice,payment,39,1,1,1,0,10.008,0.0
1,normal,100,0,300,137,productcatalogservice,server,70,6,6,6,0,10.008,0.0
1,normal,100,0,300,137,recommendationservice,server,62,7,7,7,0,10.008,0.0
1,normal,100,0,300,137,redis-cart,-,,1,1,1,0,10.008,0.0
1,normal,100,0,300,137,shippingservice,server,35,1,1,1,0,10.008,0.0
1,normal,100,0,300,153,adservice,server,47,1,1,1,0,10.008,0.0
1,normal,100,0,300,153,cartservice,server,74,6,6,6,0,10.008,0.0
1,normal,100,0,300,153,checkoutservice,checkout,35,1,1,1,0,10.008,0.0
1,normal,100,0,300,153,currencyservice,server,43,2,2,2,0,10.008,0.0
1,normal,100,0,300,153,emailservice,email,53,1,1,1,0,10.008,0.0
1,normal,100,0,300,153,frontend,server,65,7,7,7,0,10.008,0.0
1,normal,100,0,300,153,paymentservice,payment,38,1,1,1,0,10.008,0.0
1,normal,100,0,300,153,productcatalogservice,server,72,6,6,6,0,10.008,0.0
1,normal,100,0,300,153,recommendationservice,server,61,7,7,7,0,10.008,0.0
1,normal,100,0,300,153,redis-cart,-,,1,1,1,0,10.008,0.0
1,normal,100,0,300,153,shippingservice,server,36,1,1,1,0,10.008,0.0
1,normal,100,0,300,168,adservice,server,47,1,1,1,0,10.008,0.0
1,normal,100,0,300,168,cartservice,server,73,6,6,6,0,10.008,0.0
1,normal,100,0,300,168,checkoutservice,checkout,35,1,1,1,0,10.008,0.0
1,normal,100,0,300,168,currencyservice,server,44,2,2,2,0,10.008,0.0
1,normal,100,0,300,168,emailservice,email,54,1,1,1,0,10.008,0.0
1,normal,100,0,300,168,frontend,server,65,7,7,7,0,10.008,0.0
1,normal,100,0,300,168,paymentservice,payment,38,1,1,1,0,10.008,0.0
1,normal,100,0,300,168,productcatalogservice,server,70,6,6,6,0,10.008,0.0
1,normal,100,0,300,168,recommendationservice,server,61,7,7,7,0,10.008,0.0
1,normal,100,0,300,168,redis-cart,-,,1,1,1,0,10.008,0.0
1,normal,100,0,300,168,shippingservice,server,35,1,1,1,0,10.008,0.0
1,normal,100,0,300,183,adservice,server,47,1,1,1,0,10.008,0.0
1,normal,100,0,300,183,cartservice,server,72,6,6,6,0,10.008,0.0
1,normal,100,0,300,183,checkoutservice,checkout,35,1,1,1,0,10.008,0.0
1,normal,100,0,300,183,currencyservice,server,42,2,2,2,0,10.008,0.0
1,normal,100,0,300,183,emailservice,email,51,1,1,1,0,10.008,0.0
1,normal,100,0,300,183,frontend,server,66,7,7,7,0,10.008,0.0
1,normal,100,0,300,183,paymentservice,payment,36,1,1,1,0,10.008,0.0
1,normal,100,0,300,183,productcatalogservice,server,70,6,6,6,0,10.008,0.0
1,normal,100,0,300,183,recommendationservice,server,61,7,7,7,0,10.008,0.0
1,normal,100,0,300,183,redis-cart,-,,1,1,1,0,10.008,0.0
1,normal,100,0,300,183,shippingservice,server,34,1,1,1,0,10.008,0.0
1,normal,100,0,300,199,adservice,server,47,1,1,1,0,10.008,0.0
1,normal,100,0,300,199,cartservice,server,74,6,6,6,0,10.008,0.0
1,normal,100,0,300,199,checkoutservice,checkout,33,1,1,1,0,10.008,0.0
1,normal,100,0,300,199,currencyservice,server,43,2,2,2,0,10.008,0.0
1,normal,100,0,300,199,emailservice,email,51,1,1,1,0,10.008,0.0
1,normal,100,0,300,199,frontend,server,65,7,7,7,0,10.008,0.0
1,normal,100,0,300,199,paymentservice,payment,36,1,1,1,0,10.008,0.0
1,normal,100,0,300,199,productcatalogservice,server,70,6,6,6,0,10.008,0.0
1,normal,100,0,300,199,recommendationservice,server,62,7,7,7,0,10.008,0.0
1,normal,100,0,300,199,redis-cart,-,,1,1,1,0,10.008,0.0
1,normal,100,0,300,199,shippingservice,server,34,1,1,1,0,10.008,0.0
1,normal,100,0,300,214,adservice,server,47,1,1,1,0,10.008,0.0
1,normal,100,0,300,214,cartservice,server,74,6,6,6,0,10.008,0.0
1,normal,100,0,300,214,checkoutservice,checkout,32,1,1,1,0,10.008,0.0
1,normal,100,0,300,214,currencyservice,server,43,2,2,2,0,10.008,0.0
1,normal,100,0,300,214,emailservice,email,52,1,1,1,0,10.008,0.0
1,normal,100,0,300,214,frontend,server,64,7,7,7,0,10.008,0.0
1,normal,100,0,300,214,paymentservice,payment,36,1,1,1,0,10.008,0.0
1,normal,100,0,300,214,productcatalogservice,server,70,6,6,6,0,10.008,0.0
1,normal,100,0,300,214,recommendationservice,server,61,7,7,7,0,10.008,0.0
1,normal,100,0,300,214,redis-cart,-,,1,1,1,0,10.008,0.0
1,normal,100,0,300,214,shippingservice,server,33,1,1,1,0,10.008,0.0
1,normal,100,0,300,229,adservice,server,45,1,1,1,0,10.008,0.0
1,normal,100,0,300,229,cartservice,server,82,6,6,6,0,10.008,0.0
1,normal,100,0,300,229,checkoutservice,checkout,35,1,1,1,0,10.008,0.0
1,normal,100,0,300,229,currencyservice,server,43,2,2,2,0,10.008,0.0
1,normal,100,0,300,229,emailservice,email,52,1,1,1,0,10.008,0.0
1,normal,100,0,300,229,frontend,server,67,7,7,7,0,10.008,0.0
1,normal,100,0,300,229,paymentservice,payment,38,1,1,1,0,10.008,0.0
1,normal,100,0,300,229,productcatalogservice,server,70,6,6,6,0,10.008,0.0
1,normal,100,0,300,229,recommendationservice,server,62,7,7,7,0,10.008,0.0
1,normal,100,0,300,229,redis-cart,-,,1,1,1,0,10.008,0.0
1,normal,100,0,300,229,shippingservice,server,35,1,1,1,0,10.008,0.0
1,normal,100,0,300,244,adservice,server,48,1,1,1,0,10.008,0.0
1,normal,100,0,300,244,cartservice,server,73,6,6,6,0,10.008,0.0
1,normal,100,0,300,244,checkoutservice,checkout,35,1,1,1,0,10.008,0.0
1,normal,100,0,300,244,currencyservice,server,42,2,2,2,0,10.008,0.0
1,normal,100,0,300,244,emailservice,email,53,1,1,1,0,10.008,0.0
1,normal,100,0,300,244,frontend,server,67,7,7,7,0,10.008,0.0
1,normal,100,0,300,244,paymentservice,payment,37,1,1,1,0,10.008,0.0
1,normal,100,0,300,244,productcatalogservice,server,71,6,6,6,0,10.008,0.0
1,normal,100,0,300,244,recommendationservice,server,63,7,7,7,0,10.008,0.0
1,normal,100,0,300,244,redis-cart,-,,1,1,1,0,10.008,0.0
1,normal,100,0,300,244,shippingservice,server,35,1,1,1,0,10.008,0.0
1,normal,100,0,300,260,adservice,server,47,1,1,1,0,10.008,0.0
1,normal,100,0,300,260,cartservice,server,68,6,6,6,0,10.008,0.0
1,normal,100,0,300,260,checkoutservice,checkout,30,1,1,1,0,10.008,0.0
1,normal,100,0,300,260,currencyservice,server,41,2,2,2,0,10.008,0.0
1,normal,100,0,300,260,emailservice,email,51,1,1,1,0,10.008,0.0
1,normal,100,0,300,260,frontend,server,64,7,7,7,0,10.008,0.0
1,normal,100,0,300,260,paymentservice,payment,35,1,1,1,0,10.008,0.0
1,normal,100,0,300,260,productcatalogservice,server,67,6,6,6,0,10.008,0.0
1,normal,100,0,300,260,recommendationservice,server,61,7,7,7,0,10.008,0.0
1,normal,100,0,300,260,redis-cart,-,,1,1,1,0,10.008,0.0
1,normal,100,0,300,260,shippingservice,server,30,1,1,1,0,10.008,0.0
1,normal,100,0,300,275,adservice,server,48,1,1,1,0,10.008,0.0
1,normal,100,0,300,275,cartservice,server,62,6,6,6,0,10.008,0.0
1,normal,100,0,300,275,checkoutservice,checkout,35,1,1,1,0,10.008,0.0
1,normal,100,0,300,275,currencyservice,server,43,2,2,2,0,10.008,0.0
1,normal,100,0,300,275,emailservice,email,52,1,1,1,0,10.008,0.0
1,normal,100,0,300,275,frontend,server,66,7,7,7,0,10.008,0.0
1,normal,100,0,300,275,paymentservice,payment,39,1,1,1,0,10.008,0.0
1,normal,100,0,300,275,productcatalogservice,server,72,6,6,6,0,10.008,0.0
1,normal,100,0,300,275,recommendationservice,server,60,7,7,7,0,10.008,0.0
1,normal,100,0,300,275,redis-cart,-,,1,1,1,0,10.008,0.0
1,normal,100,0,300,275,shippingservice,server,36,1,1,1,0,10.008,0.0
1,normal,100,0,300,290,adservice,server,48,1,1,1,0,10.008,0.0
1,normal,100,0,300,290,cartservice,server,66,6,6,6,0,10.008,0.0
1,normal,100,0,300,290,checkoutservice,checkout,32,1,1,1,0,10.008,0.0
1,normal,100,0,300,290,currencyservice,server,43,2,2,2,0,10.008,0.0
1,normal,100,0,300,290,emailservice,email,52,1,1,1,0,10.008,0.0
1,normal,100,0,300,290,frontend,server,66,7,7,7,0,10.008,0.0
1,normal,100,0,300,290,paymentservice,payment,36,1,1,1,0,10.008,0.0
1,normal,100,0,300,290,productcatalogservice,server,70,6,6,6,0,10.008,0.0
1,normal,100,0,300,290,recommendationservice,server,60,7,7,7,0,10.008,0.0
1,normal,100,0,300,290,redis-cart,-,,1,1,1,0,10.008,0.0
1,normal,100,0,300,290,shippingservice,server,34,1,1,1,0,10.008,0.0
1,normal,100,0,300,305,adservice,server,48,1,1,1,0,10.008,0.0
1,normal,100,0,300,305,cartservice,server,72,6,6,6,0,10.008,0.0
1,normal,100,0,300,305,checkoutservice,checkout,36,1,1,1,0,10.008,0.0
1,normal,100,0,300,305,currencyservice,server,43,2,2,2,0,10.008,0.0
1,normal,100,0,300,305,emailservice,email,52,1,1,1,0,10.008,0.0
1,normal,100,0,300,305,frontend,server,66,7,7,7,0,10.008,0.0
1,normal,100,0,300,305,paymentservice,payment,41,1,1,1,0,10.008,0.0
1,normal,100,0,300,305,productcatalogservice,server,71,6,6,6,0,10.008,0.0
1,normal,100,0,300,305,recommendationservice,server,63,7,7,7,0,10.008,0.0
1,normal,100,0,300,305,redis-cart,-,,1,1,1,0,10.008,0.0
1,normal,100,0,300,305,shippingservice,server,36,1,1,1,0,10.008,0.0
1,normal,100,0,300,321,adservice,server,47,1,1,1,0,10.008,0.0
1,normal,100,0,300,321,cartservice,server,69,6,6,6,0,10.008,0.0
1,normal,100,0,300,321,checkoutservice,checkout,36,1,1,1,0,10.008,0.0
1,normal,100,0,300,321,currencyservice,server,43,2,2,2,0,10.008,0.0
1,normal,100,0,300,321,emailservice,email,52,1,1,1,0,10.008,0.0
1,normal,100,0,300,321,frontend,server,64,7,7,7,0,10.008,0.0
1,normal,100,0,300,321,paymentservice,payment,36,1,1,1,0,10.008,0.0
1,normal,100,0,300,321,productcatalogservice,server,69,6,6,6,0,10.008,0.0
1,normal,100,0,300,321,recommendationservice,server,62,7,7,7,0,10.008,0.0
1,normal,100,0,300,321,redis-cart,-,,1,1,1,0,10.008,0.0
1,normal,100,0,300,321,shippingservice,server,32,1,1,1,0,10.008,0.0
1,normal,100,0,300,336,adservice,server,48,1,1,1,0,10.008,0.0
1,normal,100,0,300,336,cartservice,server,67,6,6,6,0,10.008,0.0
1,normal,100,0,300,336,checkoutservice,checkout,31,1,1,1,0,10.008,0.0
1,normal,100,0,300,336,currencyservice,server,42,2,2,2,0,10.008,0.0
1,normal,100,0,300,336,emailservice,email,52,1,1,1,0,10.008,0.0
1,normal,100,0,300,336,frontend,server,66,7,7,7,0,10.008,0.0
1,normal,100,0,300,336,paymentservice,payment,32,1,1,1,0,10.008,0.0
1,normal,100,0,300,336,productcatalogservice,server,68,6,6,6,0,10.008,0.0
1,normal,100,0,300,336,recommendationservice,server,59,7,7,7,0,10.008,0.0
1,normal,100,0,300,336,redis-cart,-,,1,1,1,0,10.008,0.0
1,normal,100,0,300,336,shippingservice,server,32,1,1,1,0,10.008,0.0
1,normal,100,0,300,351,adservice,server,47,1,1,1,0,10.008,0.0
1,normal,100,0,300,351,cartservice,server,66,6,6,6,0,10.008,0.0
1,normal,100,0,300,351,checkoutservice,checkout,35,1,1,1,0,10.008,0.0
1,normal,100,0,300,351,currencyservice,server,42,2,2,2,0,10.008,0.0
1,normal,100,0,300,351,emailservice,email,50,1,1,1,0,10.008,0.0
1,normal,100,0,300,351,frontend,server,65,7,7,7,0,10.008,0.0
1,normal,100,0,300,351,paymentservice,payment,39,1,1,1,0,10.008,0.0
1,normal,100,0,300,351,productcatalogservice,server,70,6,6,6,0,10.008,0.0
1,normal,100,0,300,351,recommendationservice,server,62,7,7,7,0,10.008,0.0
1,normal,100,0,300,351,redis-cart,-,,1,1,1,0,10.008,0.0
1,normal,100,0,300,351,shippingservice,server,34,1,1,1,0,10.008,0.0
1,normal,100,0,300,366,adservice,server,47,1,1,1,0,10.008,0.0
1,normal,100,0,300,366,cartservice,server,77,6,6,6,0,10.008,0.0
1,normal,100,0,300,366,checkoutservice,checkout,32,1,1,1,0,10.008,0.0
1,normal,100,0,300,366,currencyservice,server,41,2,2,2,0,10.008,0.0
1,normal,100,0,300,366,emailservice,email,51,1,1,1,0,10.008,0.0
1,normal,100,0,300,366,frontend,server,65,7,7,7,0,10.008,0.0
1,normal,100,0,300,366,paymentservice,payment,36,1,1,1,0,10.008,0.0
1,normal,100,0,300,366,productcatalogservice,server,69,6,6,6,0,10.008,0.0
1,normal,100,0,300,366,recommendationservice,server,63,7,7,7,0,10.008,0.0
1,normal,100,0,300,366,redis-cart,-,,1,1,1,0,10.008,0.0
1,normal,100,0,300,366,shippingservice,server,32,1,1,1,0,10.008,0.0
1,normal,100,0,300,382,adservice,server,47,1,1,1,0,10.008,0.0
1,normal,100,0,300,382,cartservice,server,76,6,6,6,0,10.008,0.0
1,normal,100,0,300,382,checkoutservice,checkout,32,1,1,1,0,10.008,0.0
1,normal,100,0,300,382,currencyservice,server,44,2,2,2,0,10.008,0.0
1,normal,100,0,300,382,emailservice,email,52,1,1,1,0,10.008,0.0
1,normal,100,0,300,382,frontend,server,67,7,7,7,0,10.008,0.0
1,normal,100,0,300,382,paymentservice,payment,38,1,1,1,0,10.008,0.0
1,normal,100,0,300,382,productcatalogservice,server,72,6,6,6,0,10.008,0.0
1,normal,100,0,300,382,recommendationservice,server,61,7,7,7,0,10.008,0.0
1,normal,100,0,300,382,redis-cart,-,,1,1,1,0,10.008,0.0
1,normal,100,0,300,382,shippingservice,server,36,1,1,1,0,10.008,0.0
1,normal,100,0,300,397,adservice,server,47,1,1,1,0,10.008,0.0
1,normal,100,0,300,397,cartservice,server,78,6,6,6,0,10.008,0.0
1,normal,100,0,300,397,checkoutservice,checkout,35,1,1,1,0,10.008,0.0
1,normal,100,0,300,397,currencyservice,server,43,2,2,2,0,10.008,0.0
1,normal,100,0,300,397,emailservice,email,53,1,1,1,0,10.008,0.0
1,normal,100,0,300,397,frontend,server,68,7,7,7,0,10.008,0.0
1,normal,100,0,300,397,paymentservice,payment,38,1,1,1,0,10.008,0.0
1,normal,100,0,300,397,productcatalogservice,server,71,6,6,6,0,10.008,0.0
1,normal,100,0,300,397,recommendationservice,server,62,7,7,7,0,10.008,0.0
1,normal,100,0,300,397,redis-cart,-,,1,1,1,0,10.008,0.0
1,normal,100,0,300,397,shippingservice,server,36,1,1,1,0,10.008,0.0
1,normal,100,0,300,412,adservice,server,46,1,1,1,0,10.008,0.0
1,normal,100,0,300,412,cartservice,server,75,6,6,6,0,10.008,0.0
1,normal,100,0,300,412,checkoutservice,checkout,36,1,1,1,0,10.008,0.0
1,normal,100,0,300,412,currencyservice,server,42,2,2,2,0,10.008,0.0
1,normal,100,0,300,412,emailservice,email,52,1,1,1,0,10.008,0.0
1,normal,100,0,300,412,frontend,server,65,7,7,7,0,10.008,0.0
1,normal,100,0,300,412,paymentservice,payment,38,1,1,1,0,10.008,0.0
1,normal,100,0,300,412,productcatalogservice,server,72,6,6,6,0,10.008,0.0
1,normal,100,0,300,412,recommendationservice,server,61,7,7,7,0,10.008,0.0
1,normal,100,0,300,412,redis-cart,-,,1,1,1,0,10.008,0.0
1,normal,100,0,300,412,shippingservice,server,35,1,1,1,0,10.008,0.0
