cycle,arm,target_rate,iter_rate,dropped,failed_rate,p50,p99,running_cores,pending_cores,eff_iter_per_running_core,pods,pending,node_cores,softirq_mc_per_iter,k6_cores,tcp_retrans_s,prod_p50,cart_p50,chk_p50,prod_p99,cart_p99,chk_p99,throttled,replicas,limit_x,dropped_win,started,replicas_at_window_start,replicas_changed_in_window,browse_rate_target,browse_rate,browse_dropped_win,browse_p50,browse_p99
1,normal,100,100.0,0,0,6.2,454.8,6.12,0.0,16.3,12,0,3.5386,2.73,0.15,0.0,5.1,5.9,8.1,697.4,225.0,207.2,frontend/server=6%;emailservice/email=1%;productcatalogservice/server=1%,adservice:1 cartservice:2 checkoutservice:1 currencyservice:1 emailservice:1 frontend:1 paymentservice:1 productcatalogservice:1 recommendationservice:1 redis-cart:1 shippingservice:1,0,0,24001,adservice:1 cartservice:2 checkoutservice:1 currencyservice:1 emailservice:1 frontend:1 paymentservice:1 productcatalogservice:1 recommendationservice:1 redis-cart:1 shippingservice:1,no,0,0,0,0,0
1,normal,100,100.0,0,0,7.3,550.6,8.6,0.0,11.6,15,0,4.4345,3.45,0.19,0.0,5.6,6.3,8.7,752.8,395.8,303.7,frontend/server=16%;productcatalogservice/server=2%,adservice:1 cartservice:2 checkoutservice:1 currencyservice:1 emailservice:1 frontend:2 paymentservice:1 productcatalogservice:2 recommendationservice:2 redis-cart:1 shippingservice:1,0,0,24001,adservice:1 cartservice:2 checkoutservice:1 currencyservice:1 emailservice:1 frontend:2 paymentservice:1 productcatalogservice:2 recommendationservice:2 redis-cart:1 shippingservice:1,no,100,100.0,0,5.5,753.8
1,normal,100,100,75,0,8.1,548.6,8.6,0.0,11.6,15,0,5.2571,4.03,0.22,0.0,6.7,6.9,9.8,738.4,483.6,311.4,frontend/server=14%;productcatalogservice/server=6%;cartservice/server=1%,adservice:1 cartservice:2 checkoutservice:1 currencyservice:1 emailservice:1 frontend:2 paymentservice:1 productcatalogservice:2 recommendationservice:2 redis-cart:1 shippingservice:1,0,0,24000,adservice:1 cartservice:2 checkoutservice:1 currencyservice:1 emailservice:1 frontend:2 paymentservice:1 productcatalogservice:2 recommendationservice:2 redis-cart:1 shippingservice:1,no,200,200.0,0,6.5,747.6
1,normal,100,100.0,33,0,8.7,592.6,11.22,0.0,8.9,18,0,6.3562,5.05,0.28,0.0,7.2,7.6,10.8,791.3,365.5,299.1,productcatalogservice/server=15%;emailservice/email=2%;cartservice/server=1%;frontend/server=1%,adservice:1 cartservice:2 checkoutservice:1 currencyservice:2 emailservice:1 frontend:3 paymentservice:1 productcatalogservice:2 recommendationservice:3 redis-cart:1 shippingservice:1,0,0,24001,adservice:1 cartservice:2 checkoutservice:1 currencyservice:2 emailservice:1 frontend:3 paymentservice:1 productcatalogservice:2 recommendationservice:3 redis-cart:1 shippingservice:1,no,300,300.0,0,6.7,797.2
1,frontcatalog,100,100.0,0,0,6.1,451.9,6.12,0.0,16.3,11,0,3.423,2.24,0.14,0.0,5.0,5.8,8.0,671.3,222.0,192.0,frontend/server=5%,adservice:1 cartservice:1 checkoutservice:1 currencyservice:1 emailservice:1 frontend:1 paymentservice:1 recommendationservice:1 redis-cart:1 shippingservice:1,0,0,24001,adservice:1 cartservice:2 checkoutservice:1 currencyservice:1 emailservice:1 frontend:1 paymentservice:1 recommendationservice:1 redis-cart:1 shippingservice:1,yes,0,0,0,0,0
1,frontcatalog,100,99.8,58,0,6.8,678.0,8.6,0.0,11.6,13,0,4.2417,2.78,0.18,0.0,5.9,6.2,8.6,858.2,394.5,520.4,frontend/server=7%,adservice:1 cartservice:2 checkoutservice:1 currencyservice:1 emailservice:1 frontend:2 paymentservice:1 recommendationservice:2 redis-cart:1 shippingservice:1,0,57,23943,adservice:1 cartservice:2 checkoutservice:1 currencyservice:1 emailservice:1 frontend:2 paymentservice:1 recommendationservice:2 redis-cart:1 shippingservice:1,no,100,100,0,6.0,851.3
1,frontcatalog,100,100.0,0,0,7.9,652.6,8.6,0.0,11.6,13,0,5.3024,3.52,0.22,0.0,6.7,6.9,9.9,813.8,237.7,575.9,emailservice/email=2%;frontend/server=2%;frontend/server=2%,adservice:1 cartservice:2 checkoutservice:1 currencyservice:1 emailservice:1 frontend:2 paymentservice:1 recommendationservice:2 redis-cart:1 shippingservice:1,0,0,24001,adservice:1 cartservice:2 checkoutservice:1 currencyservice:1 emailservice:1 frontend:2 paymentservice:1 recommendationservice:2 redis-cart:1 shippingservice:1,no,200,200.0,0,6.4,824.7
1,frontcatalog,100,100.0,56,0,9.3,638.2,9.77,0.0,10.2,15,0,6.2156,4.17,0.28,0.0,7.8,7.9,11.9,673.0,297.7,793.9,frontend/server=4%;frontend/server=4%,adservice:1 cartservice:3 checkoutservice:1 currencyservice:2 emailservice:1 frontend:2 paymentservice:1 recommendationservice:2 redis-cart:1 shippingservice:1,0,0,24001,adservice:1 cartservice:2 checkoutservice:1 currencyservice:2 emailservice:1 frontend:2 paymentservice:1 recommendationservice:2 redis-cart:1 shippingservice:1,yes,300,300,0,7.4,738.5
1,frontreco,100,100.0,0,0,6.2,467.4,6.12,0.0,16.3,11,0,3.5351,2.72,0.14,0.0,5.1,5.9,8.1,745.2,207.7,202.8,frontend/server=6%;productcatalogservice/server=2%;emailservice/email=2%,adservice:1 cartservice:2 checkoutservice:1 currencyservice:1 emailservice:1 frontend:1 paymentservice:1 productcatalogservice:1 redis-cart:1 shippingservice:1,0,0,24001,adservice:1 cartservice:2 checkoutservice:1 currencyservice:1 emailservice:1 frontend:1 paymentservice:1 productcatalogservice:1 redis-cart:1 shippingservice:1,no,0,0,0,0,0
1,frontreco,100,100.0,0,0,7.3,484.6,8.6,0.0,11.6,13,0,4.3978,3.34,0.18,0.0,5.7,6.4,8.7,708.2,394.7,336.9,frontend/server=14%;productcatalogservice/server=2%,adservice:1 cartservice:2 checkoutservice:1 currencyservice:1 emailservice:1 frontend:2 paymentservice:1 productcatalogservice:2 redis-cart:1 shippingservice:1,0,0,24001,adservice:1 cartservice:2 checkoutservice:1 currencyservice:1 emailservice:1 frontend:2 paymentservice:1 productcatalogservice:2 redis-cart:1 shippingservice:1,no,100,100.0,0,5.7,714.7
1,frontreco,100,100.0,6,0,13.1,700.6,11.22,0.0,8.9,15,0,6.3123,4.6,0.27,0.1,10.2,10.4,15.9,748.4,631.4,701.0,productcatalogservice/server=40%;frontend/server=1%,adservice:1 cartservice:2 checkoutservice:1 currencyservice:2 emailservice:1 frontend:3 paymentservice:1 productcatalogservice:2 redis-cart:1 shippingservice:1,0,5,23995,adservice:1 cartservice:2 checkoutservice:1 currencyservice:2 emailservice:1 frontend:3 paymentservice:1 productcatalogservice:2 redis-cart:1 shippingservice:1,no,200,200.0,0,9.4,748.0
1,frontreco,100,100.0,686,0,688.0,1698.8,13.04,0.0,7.7,16,0,7.821,5.07,0.33,0.1,680.3,658.8,705.7,1666.2,1698.3,1727.6,productcatalogservice/server=98%;emailservice/email=2%;frontend/server=2%,adservice:1 cartservice:2 checkoutservice:1 currencyservice:2 emailservice:1 frontend:4 paymentservice:1 productcatalogservice:2 redis-cart:1 shippingservice:1,0,0,24001,adservice:1 cartservice:2 checkoutservice:1 currencyservice:2 emailservice:1 frontend:4 paymentservice:1 productcatalogservice:2 redis-cart:1 shippingservice:1,no,300,300.0,0,603.2,1648.1
1,frontcart,100,100.0,0,0,6.2,474.6,7.2,0.0,13.9,11,0,3.4547,2.69,0.14,0.0,5.1,5.9,8.1,719.2,268.9,225.9,frontend/server=6%,adservice:1 checkoutservice:1 currencyservice:1 emailservice:1 frontend:2 paymentservice:1 productcatalogservice:1 recommendationservice:1 redis-cart:1 shippingservice:1,0,0,24001,adservice:1 checkoutservice:1 currencyservice:1 emailservice:1 frontend:2 paymentservice:1 productcatalogservice:1 recommendationservice:1 redis-cart:1 shippingservice:1,no,0,0,0,0,0
1,frontcart,100,100.0,0,0,7.3,514.6,8.6,0.0,11.6,13,0,4.3939,3.29,0.19,0.0,5.9,6.4,8.7,720.9,395.5,311.4,frontend/server=17%;productcatalogservice/server=2%,adservice:1 checkoutservice:1 currencyservice:1 emailservice:1 frontend:2 paymentservice:1 productcatalogservice:2 recommendationservice:2 redis-cart:1 shippingservice:1,0,0,24001,adservice:1 checkoutservice:1 currencyservice:1 emailservice:1 frontend:2 paymentservice:1 productcatalogservice:2 recommendationservice:2 redis-cart:1 shippingservice:1,no,100,100.0,0,5.9,723.3
1,frontcart,100,99.9,14,0,9.7,806.8,8.6,0.0,11.6,13,0,5.5422,4.38,0.24,0.1,7.8,7.8,11.7,799.0,402.0,964.8,productcatalogservice/server=22%;frontend/server=4%;frontend/server=4%;emailservice/email=1%,adservice:1 checkoutservice:1 currencyservice:1 emailservice:1 frontend:2 paymentservice:1 productcatalogservice:2 recommendationservice:2 redis-cart:1 shippingservice:1,0,13,23987,adservice:1 checkoutservice:1 currencyservice:1 emailservice:1 frontend:2 paymentservice:1 productcatalogservice:2 recommendationservice:2 redis-cart:1 shippingservice:1,no,200,200.0,0,7.5,840.9
1,frontcart,100,100.0,112,0,318.6,832.6,11.58,0.0,8.6,16,0,6.9382,5.35,0.31,0.0,323.7,307.0,325.6,788.3,738.5,1081.3,productcatalogservice/server=87%;frontend/server=5%;frontend/server=3%;emailservice/email=2%,adservice:1 checkoutservice:1 currencyservice:2 emailservice:1 frontend:3 paymentservice:1 productcatalogservice:2 recommendationservice:3 redis-cart:1 shippingservice:1,0,0,24001,adservice:1 checkoutservice:1 currencyservice:2 emailservice:1 frontend:3 paymentservice:1 productcatalogservice:2 recommendationservice:2 redis-cart:1 shippingservice:1,yes,300,300,0,325.1,797.7
1,frontrecocatalog,100,100.0,0,0,5.9,420.5,6.12,0.0,16.3,10,0,3.402,2.11,0.13,0.0,4.9,5.6,7.9,678.0,221.5,206.1,frontend/server=5%;emailservice/email=1%;cartservice/server=1%,adservice:1 cartservice:2 checkoutservice:1 currencyservice:1 emailservice:1 frontend:1 paymentservice:1 redis-cart:1 shippingservice:1,0,0,24001,adservice:1 cartservice:2 checkoutservice:1 currencyservice:1 emailservice:1 frontend:1 paymentservice:1 redis-cart:1 shippingservice:1,no,0,0,0,0,0
1,frontrecocatalog,100,100,0,0,7.2,620.5,8.6,0.0,11.6,11,0,4.1835,2.5,0.19,0.0,5.8,6.2,8.5,807.9,394.1,312.0,frontend/server=15%;cartservice/server=1%;frontend/productcatalog=1%,adservice:1 cartservice:2 checkoutservice:1 currencyservice:1 emailservice:1 frontend:2 paymentservice:1 redis-cart:1 shippingservice:1,0,0,24000,adservice:1 cartservice:2 checkoutservice:1 currencyservice:1 emailservice:1 frontend:2 paymentservice:1 redis-cart:1 shippingservice:1,no,100,100,0,5.8,812.3
1,frontrecocatalog,100,100.0,0,0,7.7,490.4,9.4,0.0,10.6,12,0,5.4741,3.32,0.24,0.0,6.3,7.1,9.8,751.1,203.4,134.8,emailservice/email=2%,adservice:1 cartservice:2 checkoutservice:1 currencyservice:2 emailservice:1 frontend:2 paymentservice:1 redis-cart:1 shippingservice:1,0,0,24001,adservice:1 cartservice:2 checkoutservice:1 currencyservice:1 emailservice:1 frontend:2 paymentservice:1 redis-cart:1 shippingservice:1,yes,200,200,0,6.2,748.3
1,frontrecocatalog,100,100.0,117,0,8.0,485.3,9.4,0.0,10.6,12,0,6.1889,3.85,0.28,0.0,6.8,7.3,10.4,709.1,232.9,171.1,emailservice/email=2%,adservice:1 cartservice:2 checkoutservice:1 currencyservice:2 emailservice:1 frontend:2 paymentservice:1 redis-cart:1 shippingservice:1,0,0,24001,adservice:1 cartservice:2 checkoutservice:1 currencyservice:2 emailservice:1 frontend:2 paymentservice:1 redis-cart:1 shippingservice:1,no,300,300.0,0,6.4,698.1
2,normal,100,100.0,0,0,6.2,436.1,6.12,0.0,16.3,12,0,3.4975,2.72,0.14,0.0,5.1,5.9,8.1,710.8,234.5,193.7,frontend/server=5%;cartservice/server=1%;productcatalogservice/server=1%,adservice:1 cartservice:2 checkoutservice:1 currencyservice:1 emailservice:1 frontend:1 paymentservice:1 productcatalogservice:1 recommendationservice:1 redis-cart:1 shippingservice:1,0,0,24001,adservice:1 cartservice:2 checkoutservice:1 currencyservice:1 emailservice:1 frontend:1 paymentservice:1 productcatalogservice:1 recommendationservice:1 redis-cart:1 shippingservice:1,no,0,0,0,0,0
2,normal,100,100.0,0,0,7.1,498.2,8.6,0.0,11.6,15,0,4.2374,3.24,0.19,0.0,6.3,6.2,8.7,749.3,387.5,294.3,frontend/server=11%;productcatalogservice/server=1%,adservice:1 cartservice:2 checkoutservice:1 currencyservice:1 emailservice:1 frontend:2 paymentservice:1 productcatalogservice:2 recommendationservice:2 redis-cart:1 shippingservice:1,0,0,24001,adservice:1 cartservice:2 checkoutservice:1 currencyservice:1 emailservice:1 frontend:2 paymentservice:1 productcatalogservice:2 recommendationservice:2 redis-cart:1 shippingservice:1,no,100,100.0,0,6.3,748.8
2,normal,100,100.0,126,0,123.0,866.6,9.4,0.0,10.6,16,0,5.9471,4.8,0.25,0.0,132.2,121.6,115.2,882.3,814.6,985.4,productcatalogservice/server=46%;frontend/server=1%;frontend/server=1%,adservice:1 cartservice:2 checkoutservice:1 currencyservice:2 emailservice:1 frontend:2 paymentservice:1 productcatalogservice:2 recommendationservice:2 redis-cart:1 shippingservice:1,0,0,24001,adservice:1 cartservice:2 checkoutservice:1 currencyservice:2 emailservice:1 frontend:3 paymentservice:1 productcatalogservice:2 recommendationservice:2 redis-cart:1 shippingservice:1,yes,200,200.0,0,133.1,876.3
2,normal,100,98.1,3243,0,182.7,4533.7,11.88,0.0,8.3,19,0,7.5773,5.52,0.35,0.1,171.6,153.7,186.9,4571.2,4539.8,4459.2,productcatalogservice/server=91%;emailservice/email=1%;paymentservice/payment=1%,adservice:1 cartservice:2 checkoutservice:1 currencyservice:2 emailservice:1 frontend:3 paymentservice:1 productcatalogservice:3 recommendationservice:3 redis-cart:1 shippingservice:1,0,463,23537,adservice:1 cartservice:3 checkoutservice:1 currencyservice:2 emailservice:1 frontend:3 paymentservice:1 productcatalogservice:2 recommendationservice:2 redis-cart:1 shippingservice:1,yes,300,299.9,24,383.9,4590.3
2,frontcatalog,100,100.0,0,0,6.0,460.9,6.12,0.0,16.3,11,0,3.4034,2.29,0.14,0.0,5.0,5.8,8.0,748.1,225.4,206.2,frontend/server=5%,adservice:1 cartservice:2 checkoutservice:1 currencyservice:1 emailservice:1 frontend:1 paymentservice:1 recommendationservice:1 redis-cart:1 shippingservice:1,0,0,24001,adservice:1 cartservice:1 checkoutservice:1 currencyservice:1 emailservice:1 frontend:1 paymentservice:1 recommendationservice:1 redis-cart:1 shippingservice:1,yes,0,0,0,0,0
2,frontcatalog,100,100.0,0,0,7.2,562.3,8.6,0.0,11.6,13,0,4.193,2.72,0.19,0.0,6.2,6.2,8.6,763.3,379.0,304.4,frontend/server=15%;frontend/productcatalog=2%,adservice:1 cartservice:2 checkoutservice:1 currencyservice:1 emailservice:1 frontend:2 paymentservice:1 recommendationservice:2 redis-cart:1 shippingservice:1,0,0,24001,adservice:1 cartservice:2 checkoutservice:1 currencyservice:1 emailservice:1 frontend:2 paymentservice:1 recommendationservice:2 redis-cart:1 shippingservice:1,no,100,100.0,0,6.2,761.1
2,frontcatalog,100,100.0,0,0,8.1,574.7,8.6,0.0,11.6,13,0,5.1542,3.45,0.23,0.0,6.8,6.9,9.8,791.2,334.8,267.3,frontend/server=2%;frontend/server=1%,adservice:1 cartservice:2 checkoutservice:1 currencyservice:1 emailservice:1 frontend:2 paymentservice:1 recommendationservice:2 redis-cart:1 shippingservice:1,0,0,24001,adservice:1 cartservice:2 checkoutservice:1 currencyservice:1 emailservice:1 frontend:2 paymentservice:1 recommendationservice:2 redis-cart:1 shippingservice:1,no,200,200,0,6.5,792.8
2,frontcatalog,100,100.0,104,0,9.7,612.0,9.4,0.0,10.6,14,0,6.1544,4.18,0.28,0.0,8.1,8.1,12.1,833.3,461.3,385.6,frontend/server=3%;frontend/server=2%,adservice:1 cartservice:2 checkoutservice:1 currencyservice:2 emailservice:1 frontend:2 paymentservice:1 recommendationservice:2 redis-cart:1 shippingservice:1,0,0,24001,adservice:1 cartservice:2 checkoutservice:1 currencyservice:2 emailservice:1 frontend:2 paymentservice:1 recommendationservice:2 redis-cart:1 shippingservice:1,no,300,300,0,7.5,837.5
2,frontreco,100,100.0,0,0,6.2,455.1,7.94,0.0,12.6,12,0,3.5307,2.7,0.14,0.0,5.1,5.9,8.1,690.3,249.2,206.6,frontend/server=5%;productcatalogservice/server=2%;cartservice/server=1%,adservice:1 cartservice:2 checkoutservice:1 currencyservice:1 emailservice:1 frontend:1 paymentservice:1 productcatalogservice:1 redis-cart:1 shippingservice:1,0,0,24001,adservice:1 cartservice:2 checkoutservice:1 currencyservice:1 emailservice:1 frontend:1 paymentservice:1 productcatalogservice:1 redis-cart:1 shippingservice:1,no,0,0,0,0,0
2,frontreco,100,100.0,0,0,7.0,486.6,8.6,0.0,11.6,13,0,4.3135,3.18,0.18,0.0,6.3,6.2,8.7,771.1,419.3,311.3,frontend/server=13%;productcatalogservice/server=3%,adservice:1 cartservice:2 checkoutservice:1 currencyservice:1 emailservice:1 frontend:2 paymentservice:1 productcatalogservice:2 redis-cart:1 shippingservice:1,0,0,24001,adservice:1 cartservice:2 checkoutservice:1 currencyservice:1 emailservice:1 frontend:2 paymentservice:1 productcatalogservice:2 redis-cart:1 shippingservice:1,no,100,100,0,6.3,764.0
2,frontreco,100,100.0,877,0,9.8,4967.9,8.6,0.0,11.6,13,0,5.6361,4.29,0.25,0.1,7.4,8.0,11.3,4919.2,4923.2,5018.1,productcatalogservice/server=23%;emailservice/email=3%;frontend/server=2%,adservice:1 cartservice:2 checkoutservice:1 currencyservice:1 emailservice:1 frontend:2 paymentservice:1 productcatalogservice:2 redis-cart:1 shippingservice:1,0,5,23995,adservice:1 cartservice:2 checkoutservice:1 currencyservice:1 emailservice:1 frontend:3 paymentservice:1 productcatalogservice:3 redis-cart:1 shippingservice:1,yes,200,200.0,6,7.1,4957.4
2,frontreco,100,100.0,93,0,8.2,514.2,9.4,0.0,10.6,14,0,6.2784,5.0,0.25,0.0,7.0,7.4,10.5,741.7,237.1,160.4,productcatalogservice/server=5%;emailservice/email=2%,adservice:1 cartservice:2 checkoutservice:1 currencyservice:2 emailservice:1 frontend:2 paymentservice:1 productcatalogservice:2 redis-cart:1 shippingservice:1,0,0,24001,adservice:1 cartservice:2 checkoutservice:1 currencyservice:2 emailservice:1 frontend:2 paymentservice:1 productcatalogservice:2 redis-cart:1 shippingservice:1,no,300,300.0,0,6.6,743.9
2,frontcart,100,100.0,0,0,6.2,379.7,7.2,0.0,13.9,11,0,3.5026,2.74,0.14,0.0,5.1,5.9,8.1,612.4,222.0,208.3,frontend/server=7%,adservice:1 checkoutservice:1 currencyservice:1 emailservice:1 frontend:2 paymentservice:1 productcatalogservice:1 recommendationservice:1 redis-cart:1 shippingservice:1,0,0,24001,adservice:1 checkoutservice:1 currencyservice:1 emailservice:1 frontend:2 paymentservice:1 productcatalogservice:1 recommendationservice:1 redis-cart:1 shippingservice:1,no,0,0,0,0,0
2,frontcart,100,100.0,0,0,7.3,681.8,8.6,0.0,11.6,13,0,4.2802,3.36,0.19,0.0,6.3,6.3,8.9,769.2,303.1,742.3,productcatalogservice/server=9%;frontend/server=4%;frontend/server=3%;emailservice/email=1%,adservice:1 checkoutservice:1 currencyservice:1 emailservice:1 frontend:2 paymentservice:1 productcatalogservice:2 recommendationservice:2 redis-cart:1 shippingservice:1,0,0,24001,adservice:1 checkoutservice:1 currencyservice:1 emailservice:1 frontend:2 paymentservice:1 productcatalogservice:2 recommendationservice:2 redis-cart:1 shippingservice:1,no,100,100.0,0,6.4,802.3
2,frontcart,100,100,0,0,9.4,683.6,9.4,0.0,10.6,14,0,5.678,4.39,0.26,0.0,6.7,7.5,11.3,733.9,503.4,823.1,productcatalogservice/server=31%;frontend/server=7%;frontend/server=6%,adservice:1 checkoutservice:1 currencyservice:2 emailservice:1 frontend:2 paymentservice:1 productcatalogservice:2 recommendationservice:2 redis-cart:1 shippingservice:1,0,0,24000,adservice:1 checkoutservice:1 currencyservice:2 emailservice:1 frontend:2 paymentservice:1 productcatalogservice:2 recommendationservice:2 redis-cart:1 shippingservice:1,no,200,200.0,0,6.8,731.1
2,frontcart,100,100.0,514,0,9.4,680.4,11.58,0.0,8.6,16,0,6.3639,4.97,0.29,0.0,7.5,7.9,11.5,787.8,425.7,691.4,productcatalogservice/server=19%;frontend/server=5%;frontend/server=4%;emailservice/email=1%,adservice:1 checkoutservice:1 currencyservice:2 emailservice:1 frontend:3 paymentservice:1 productcatalogservice:2 recommendationservice:3 redis-cart:1 shippingservice:1,0,0,24001,adservice:1 checkoutservice:1 currencyservice:2 emailservice:1 frontend:3 paymentservice:1 productcatalogservice:2 recommendationservice:3 redis-cart:1 shippingservice:1,no,300,300.0,0,7.0,841.3
